Question,A,B,C,D,Correct,,
Which cathedral town were Chaucer's pilgrims travelling to?,Ely,Salisbury,Warwick,Canterbury,D,,
Bridget Jones's Diary' was originally a column in which newspaper?,Guardian,News of the World,Independent,Mail on Sunday,C,,
Which of these playwrights is best known for his farces?,Harold Pinter,John Osborne,Ray Cooney,Arthur Miller,C,,
"According to Shakespeare, ""a rose by any other name would"" what?",Feel as soft,Look as pretty,Smell as sweet,Grow as tall,C,,
"A ballet composed by Stravinsky was called ""The Rite of"" what?",Winter,Spring,Summer,Autumn,B,,
"In Anna Sewell's classic children's novel, what is Black Beauty?",Horse,Jewel,Car,Estate,A,,
"In German folklore, who is the dwarf who helps a miller's daughter spin gold out of straw?",Hansel,Rapunzel,Rumpelstiltskin,Cinderella,C,,
"In the comic strips, what is the name of Garfield's canine companion?",George,Rex,Jon,Odie,D,,
In which century did the movement called Pop Art flourish?,20th,19th,18th,17th,A,,
Lois Lane is a close associate of which comic book hero?,Wolverine,Spider-Man,Superman,Batman,C,,
"The 1928 sequel to ""Winnie-the-Pooh"" by A. A. Milne was called ""The House at"" what?",Pooh Place,Pooh Creek,Pooh Pond,Pooh Corner,D,,
The newspaper Le Monde is published in which country?,France,Germany,Italy,Netherlands,A,,
"What does the crocodile swallow in the story of ""Peter Pan""?",Alarm clock,Pocket watch,Dog collar,Piggy bank,A,,
What is Harry Potter's school house?,Ravenclaw,Hufflepuff,Slytherin,Gryffindor,D,,
"What nationality was the author of the novel ""The Three Musketeers""?",Swiss,French,Italian,Spanish,B,,
Where in a book would you normally find an epilogue?,At the start,In the middle,In the margin,At the end,D,,
"Which fictional hero is associated with the phrase ""Look! Up in the sky! It's a bird! It's a plane!""?",Batman,Spider-Man,Superman,The Flash,C,,
Which of these words means a summary or outline of a book?,Synergy,Synod,Synopsis,Syntax,C,,
"Which Shakespeare play features the line ""But soft! What light through yonder window breaks?""",Two Gentlemen of Verona,Julius Caesar,As You Like It,Romeo and Juliet,D,,
"According to the nursery rhyme, which Jack could eat no fat?",Minnow,Mackerel,Sprat,Tiddler,C,,
Complete the title of the radio programme: 'Desert Island...'?,Tapes,Records,Discs,CDs,C,,
"In 'Coronation Street', what was the first name of Mrs Tanner?",Annie,Elsie,Hilda,Minnie,B,,
"In 'Coronation Street', who married Fred Elliott?",Betty,Deirdre,Eve,Hayley,C,,
Jim Davidson is associated with which TV game show?,The Price is Right,The Generation Game,Family Fortunes,Supermarket Sweep,B,,
Participants in ITV's 'Soapstars' auditioned for roles in which TV show?,The Bill,Emmerdale,Coronation Street,Crossroads,B,,
What was the title of the long-running TV holiday programme presented by children for children?,Why Don't You....?',How Can You........?',Where Will You.....?',When Do You.....?',A,,
"Which of these musical instruments is nicknamed a ""squeeze box""?",Tambourine,Bagpipes,Harrmonica,Accordion,D,,
"A 2008 top 10 single for Rihanna was titled ""Don't Stop"" what?",The Boogie,The Rhythm,The Beat,The Music,D,,
"A cult classic murder-mystery series of 1990s television was called ""Twin..."" what?",Falls,Heights,Peaks,Valleys,C,,
"A Rogers and Hammerstein musical is titled ""South"" what?",Park,Fork,Side,Pacific,D,,
"A TV series starring Angela Lansbury was titled ""Murder, She"" what?",Committed,Saw,Says,Wrote,D,,
"According to the rhyme, what can be eaten when it's ""nine days old""?",Blue cheese,Curds and whey,Pease porridge,Blackbird pie,C,,
"According to the theme song of a movie, if there's something strange in your neighborhood, who you gonna call?",Goonies,Ghostbusters,The Mod Squad,The Breakfast Club,B,,
"According to the title of a 1968 hit single, Marvin Gaye ""heard it"" where?",Through the grapevine,On the street,Down the alley,In a love song,A,,
"According to the title of a 1988 film comedy, ""Earth Girls Are"" what?",Friendly,Easy,Strange,High maintenance,B,,
Captain Jean-Luc Picard was a character on which TV show?,Star Trek: The Next Generation,Battlestar Galactica,Doctor Who,The X Files,A,,
"Complete the cartoon canary Tweety's catchphrase, ""I tawt a taw a...""?",Bunny wabbit,Liddle mouse,Puddy tat,Thilly duck,C,,
"Complete the title of the 2002 film ""Bend It Like...""?",Bergkamp,Beckham,Berger,Beardsley,B,,
"Complete the title of the Julia Roberts film ""My Best Friend's...""?",Wedding,Birthday,Funeral,Dog,A,,
What is the first name of Charlie Sheen's actor father?,Malcolm,Michael,Marcus,Martin,D,,
"What is the name for a catalog of recordings, especially by one particular singer or group?",Discography,Discology,Discotheque,Discordance,A,,
"Where was Prince Philip, Duke of Edinburgh, born?",Spain,France,Argentina,Greece,D,,
Which of these airports is in Scotland?,Prestwick,Gatwick,Stansted,Lydd,A,,
Which of these locations is famous for its salts?,Derby,Bakewell,Epsom,Cheddar,C,,
Fuji and Suzuka are racing circuits in which country?,United States,Japan,Australia,India,B,,
Greenland is considered to be part of which continent?,Asia,Europe,North America,South America,C,,
Havana is the capital of which country?,Haiti,Cuba,Mexico,Puerto Rico,B,,
In which country is the famous shrine at Lourdes?,Belgium,Luxembourg,France,Switzerland,C,,
In which country was the Honda motor company founded?,Japan,France,Sweden,Germany,A,,
Robert Mugabe became president of which country in 1987?,South Africa,Jamaica,Zimbabwe,New Zealand,C,,
Savannah is a major port in which state?,Louisiana,Washington,Georgia,Oregon,C,,
The Mountain Standard time zone refers to which mountains?,Urals,Alps,Andes,Rockies,D,,
The Zulu people originate from which continent?,Africa,Asia,South America,Australia,A,,
What is the capital of Ethiopia?,Abisinia,Addis Abebba,Malawi,Luanda,B,,
What is the world's highest waterfall?,Heaven's Falls,Angel Falls,Saint Falls,Cherub Falls,B,,
What is the world's longest river?,Amazon,Nile,Danube,Mississippi,A,,
Where is 'colleen' a traditional name for a young woman?,England,Ireland,Scotland,Wales,B,,
"Where were the Hanging Gardens, one of the Seven Wonders of the World?",Thebes,Babylon,Rhodes,Alexandria,B,,
Which colors are used to refer to the two branches of the Nile River?,Blue and White,Red and White,Blue and Green,Yellow and Green,A,,
Which geographical feature is named after a letter of the Greek alphabet?,Esker,Kame,Delta,Mesa,C,,
Which German city has the highest population?,Berlin,Dusseldorf,Essen,Rostock,A,,
Which of these countries borders only one other?,Spain,Portugal,Norway,France,B,,
Which of these countries DOES NOT share a coast with the Mediterranean sea?,France,Serbia,Egypt,Morocco,B,,
What was the nickname of the British king Alfred?,The Great,The Splendid,The Brilliant,The Good,A,,
"In September 2001, Prince William started at which university?",Keele,Exeter,Saint Andrews,Durham,C,,
The official London residence of the British monarch was built for which duke?,Marlborough,Devonshire,Westminster,Buckingham,D,,
What was the original name of Sir Francis Drake's ship?,Puffin,Pigeon,Plover,Pelican,D,,
"A poem by Alfred Lord Tennyson is titled ""The Charge of the"" what?",Light Regiment,Light Division,Light Battalion,Light Brigade,D,,
Al Capone was famous during the early 20th century as a what?,Gangster,Minister,Politician,Playwright,A,,
Bastille Day is celebrated on which date?,January 14th,April 14th,July 14th,October 14th,C,,
"Before it was closed in 1963, what was Alcatraz?",Prison,Hospital,Race track,Theme park,A,,
"In 2007, Nicolas Sarkozy was elected president of which country?",France,Belgium,Switzerland,Spain,A,,
In which century did World War I take place?,17th,18th,19th,20th,D,,
In which modern country is the site of the Battle of Agincourt?,France,Austria,Spain,Belgium,A,,
"In World War II, Douglas Bader was best known as what?",Soldier,Sailor,Pilot,Politician,B,,
What was the nickname of gangster Al Capone?,Scarface,Babyface,Pretty Boy,Lucky,A,,
What was the surname of the explorer after whom America was named?,Cabot,Da Gama,Magellan,Vespucci,D,,
Which of these would have been most useful to Paul Cezanne while he was working?,Microscope,Paint brush,Sextant,Stethoscope,B,,
"Which one of these princes would call Queen Elizabeth ""Grandma""?",Prince Edward,Prince Philip,Prince Michael,Prince Harry,D,,
Which U.S. president was re-elected three times?,John Adams,Franklin Roosevelt,Harry Truman,Grover Cleveland,B,,
Where can you find all the words in the French language?,In a motor,In a garage,In a dictionary,In a lamp,C,,
"In French, why does the letter c sometimes have a cedilla on it, as in façade?","To give it an ""S"" sound","To give it a ""K"" sound","To give it a ""Q"" sound",For no reason,A,,
What is the infinitive form of the verb in the following sentence: “The soccer player scored a goal”?,To score,Scoring,Scorer,Scores,A,,
What is the infinitive form of the verb in the following sentence: “She really likes beans”?,Really,Beans,To like,She,C,,
What do hedgehogs mainly eat?,Meat,Grass,Insects,Candy,C,,
Which of these animals is not nocturnal?,A dormouse,An owl,A bat,A swallow,D,,
What is apiculture?,Sheep farming,Fly farming,Beekeeping,Ant keeping,C,,
Which animal is often described as a chicken thief?,A dog,A fox,A sheep,A cat,B,,
Which kind of animal is a shark?,A fish,A mammal,A reptile,A bird,A,,
Where can you see the “Mona Lisa”?,At the Louvre Museum,At the Metropolitan Museum of Art,At Notre-Dame,At Disneyland Paris,A,,
What makes up a poem?,Verses,Sentences,Movements,Clauses,A,,
What is it called when dancers perform in front of an audience?,A concert,A spectacle,A show,A party,C,,
Whom does Alice follow down a hole?,A cat,A rabbit,A mad hatter,A mouse,B,,
What is Leonardo Da Vinci’s most famous painting?,The Mona Lisa,Guernica,The Scream,Poppy Field,A,,
How many books make up the Hunger Games series?,1,2,3,4,C,,
Who is Sirius Black to Harry Potter?,His father,His uncle,His godfather,His brother,C,,
In which video game did rapper Travis Scott give a virtual concert in 2020?,Grand Theft Auto V,League of Legends,Fortnite,Apex Legends,C,,
Which of these is a massive multiplayer online game?,Resident Evil 2,Final Fantasy VII Remake,Half-Life: Alyx,Minecraft,D,,
What is the virtual currency in Fortnite?,Fortnite Dollars,F-Bucks,V-Bucks,Euro-Bucks,C,,
Which manga is about Monkey D. Luffy’s life?,One Piece,Naruto,Fairy Tail,Attack on Titan,A,,
In which city was the king Clovis baptised?,Reims,Paris,London,Grenoble,A,,
Who built the Eiffel Tower?,Gustave Eiffel,Jean Eiffel,Louis Eiffel,Kevin Eiffel,A,,
What writing system did the Ancient Egyptians use?,Hieroglyphics,Cuneiform,The Greek alphabet,SMS,A,,
Which Ancient Greek leader conquered the Middle East?,Caesar,Napoleon I,Alexander the Great,Odysseus,C,,
In which year did Caesar win the battle of Alesia?,450 BC,52 BC,356 AD,52 AD,B,,
Which of these is not true about Beyoncé?,She was the voice of Nala in “The King Lion”,Her full name is Beyoncé Giselle Knowles,She sang “Chandelier”,Her nickname is Queen B,C,,
What is BTS short for in the name of the K-pop group?,Beneath The Sky,Beyond The Stars,Beautiful Time Scene,Bangtan Sonyeondan,D,,
Who sings “All I Want” in “High School Musical: The Musical: The Series”?,Olivia Rodrigo,Zac Efron,Vanessa Hudgens,Joshua Bassett,A,,
Which of these rappers released “Panini” in 2019 and “Radio” in 2020?,Snoop Dogg,Lil Nas X,Sean Combs,ASAP Rocky,B,,
In what year did the people of the United Kingdom vote in a referendum to leave the European Union?,1986,1996,2006,2016,D,,
Which American city is located near a fault line that causes regular earthquakes?,San Francisco,Boston,Dallas,New York,A,,
What comes out of a volcano?,Gases,Gemstones,Fire,Water,A,,
What language is spoken in Ireland?,French,Dutch,English,Portuguese,C,,
What fluid can be found inside of trees?,Blood,Water,Sap,Sugar,C,,
In which form is water invisible?,Vapor,Steam,Frost,Ice,A,,
Which of these words does not refer to a “state of matter” in physics?,Solid,Transparent,Liquid,Gas,B,,
What is a thin tube used to take liquid samples in a lab called?,A pipette,An epaulette,A barometer,An autoclave,A,,
Approximately how much of the Earth’s surface is covered by oceans?,7.1% of the surface,71% of the surface,3.5% of the surface,35% of the surface,B,,
What is the name of the sport played in water with a ball?,Waterproof,Water polo,Water ball,Splash ball,B,,
"How long does one of the halves of a football match take, not including extra time?",20 minutes,12 minutes,40 minutes,1 hour,B,,
Which part of the body are boxers not allowed to hit during a match?,The face,The chest,Below the belt,The gloves,C,,
What is the name of biggest ice hockey league in the world?,BHL,NHL,DHL,FHL,B,,
What kind of animal is a kiwi?,A fish,A bird,An insect,A fruit,B,,
"How is 1,000 written in Roman numerals?",C,L,D,M,D,,
What is the name of the virus that spread around the world in 2020 that forced several countries into confinement?,Covid-9,Covid-19,Covid-29,Covid-39,B,,
When is Independence Day celebrated in the United States?,July 4,July 14,July 24,July 31,A,,
Which Star Wars character got his own movie in 2018?,Luke Skywalker,Han Solo,R2-D2,C3PO,B,,
What is Iron Man’s real name?,Steve Rogers,Tony Stark,Peter Parker,Elon Musk,B,,
Which book adaptation was released straight to Disney+ in 2020?,The Chronicles of Narnia,Harry Potter,Eragon,Artemis Fowl,D,,
In which movie did singer Ed Sheeran play himself in 2019?,Tomorrow,Before,Yesterday,Next Week,C,,
Where can you find all the words in the French language?,In a motor,In a garage,In a dictionary,In a lamp,C,,
"In French, why does the letter c sometimes have a cedilla on it, as in façade?","To give it an ""S"" sound","To give it a ""K"" sound","To give it a ""Q"" sound",For no reason,A,,
What is the infinitive form of the verb in the following sentence: “The soccer player scored a goal”?,To score,Scoring,Scorer,Scores,A,,
What is the infinitive form of the verb in the following sentence: “She really likes beans”?,Really,Beans,To like,She,C,,
What do hedgehogs mainly eat?,Meat,Grass,Insects,Candy,C,,
Which of these animals is not nocturnal?,A dormouse,An owl,A bat,A swallow,D,,
What is apiculture?,Sheep farming,Fly farming,Beekeeping,Ant keeping,C,,
Which animal is often described as a chicken thief?,A dog,A fox,A sheep,A cat,B,,
Which kind of animal is a shark?,A fish,A mammal,A reptile,A bird,A,,
Where can you see the “Mona Lisa”?,At the Louvre Museum,At the Metropolitan Museum of Art,At Notre-Dame,At Disneyland Paris,A,,
What makes up a poem?,Verses,Sentences,Movements,Clauses,A,,
What is it called when dancers perform in front of an audience?,A concert,A spectacle,A show,A party,C,,
Whom does Alice follow down a hole?,A cat,A rabbit,A mad hatter,A mouse,B,,
What is Leonardo Da Vinci’s most famous painting?,The Mona Lisa,Guernica,The Scream,Poppy Field,A,,
How many books make up the Hunger Games series?,1,2,3,4,C,,
Who is Sirius Black to Harry Potter?,His father,His uncle,His godfather,His brother,C,,
In which video game did rapper Travis Scott give a virtual concert in 2020?,Grand Theft Auto V,League of Legends,Fortnite,Apex Legends,C,,
Which of these is a massive multiplayer online game?,Resident Evil 2,Final Fantasy VII Remake,Half-Life: Alyx,Minecraft,D,,
What is the virtual currency in Fortnite?,Fortnite Dollars,F-Bucks,V-Bucks,Euro-Bucks,C,,
Which manga is about Monkey D. Luffy’s life?,One Piece,Naruto,Fairy Tail,Attack on Titan,A,,
In which city was the king Clovis baptised?,Reims,Paris,London,Grenoble,A,,
Who built the Eiffel Tower?,Gustave Eiffel,Jean Eiffel,Louis Eiffel,Kevin Eiffel,A,,
What writing system did the Ancient Egyptians use?,Hieroglyphics,Cuneiform,The Greek alphabet,SMS,A,,
Which Ancient Greek leader conquered the Middle East?,Caesar,Napoleon I,Alexander the Great,Odysseus,C,,
In which year did Caesar win the battle of Alesia?,450 BC,52 BC,356 AD,52 AD,B,,
Which of these is not true about Beyoncé?,She was the voice of Nala in “The King Lion”,Her full name is Beyoncé Giselle Knowles,She sang “Chandelier”,Her nickname is Queen B,C,,
What is BTS short for in the name of the K-pop group?,Beneath The Sky,Beyond The Stars,Beautiful Time Scene,Bangtan Sonyeondan,D,,
Who sings “All I Want” in “High School Musical: The Musical: The Series”?,Olivia Rodrigo,Zac Efron,Vanessa Hudgens,Joshua Bassett,A,,
Which of these rappers released “Panini” in 2019 and “Radio” in 2020?,Snoop Dogg,Lil Nas X,Sean Combs,ASAP Rocky,B,,
In what year did the people of the United Kingdom vote in a referendum to leave the European Union?,1986,1996,2006,2016,D,,
Which American city is located near a fault line that causes regular earthquakes?,San Francisco,Boston,Dallas,New York,A,,
What comes out of a volcano?,Gases,Gemstones,Fire,Water,A,,
What language is spoken in Ireland?,French,Dutch,English,Portuguese,C,,
What fluid can be found inside of trees?,Blood,Water,Sap,Sugar,C,,
In which form is water invisible?,Vapor,Steam,Frost,Ice,A,,
Which of these words does not refer to a “state of matter” in physics?,Solid,Transparent,Liquid,Gas,B,,
What is a thin tube used to take liquid samples in a lab called?,A pipette,An epaulette,A barometer,An autoclave,A,,
Approximately how much of the Earth’s surface is covered by oceans?,7.1% of the surface,71% of the surface,3.5% of the surface,35% of the surface,B,,
What is the name of the sport played in water with a ball?,Waterproof,Water polo,Water ball,Splash ball,B,,
"How long does one of the halves of a football match take, not including extra time?",20 minutes,12 minutes,40 minutes,1 hour,B,,
Which part of the body are boxers not allowed to hit during a match?,The face,The chest,Below the belt,The gloves,C,,
What is the name of biggest ice hockey league in the world?,BHL,NHL,DHL,FHL,B,,
What kind of animal is a kiwi?,A fish,A bird,An insect,A fruit,B,,
"How is 1,000 written in Roman numerals?",C,L,D,M,D,,
What is the name of the virus that spread around the world in 2020 that forced several countries into confinement?,Covid-9,Covid-19,Covid-29,Covid-39,B,,
J,July 4,July 14,July 24,July 31,A,,
Which Star Wars character got his own movie in 2018?,Luke Skywalker,Han Solo,R2-D2,C3PO,B,,
What is Iron Man’s real name?,Steve Rogers,Tony Stark,Peter Parker,Elon Musk,B,,
Which book adaptation was released straight to Disney+ in 2020?,The Chronicles of Narnia,Harry Potter,Eragon,Artemis Fowl,D,,
In which movie did singer Ed Sheeran play himself in 2019?,Tomorrow,Before,Yesterday,Next Week,C,,
What is aspic in cooking?,A small fish,A one-bite appetizer,A cold dish in gelatin,A condiment,C,,
Which is these ingredients is used for the preparation of miso paste?,Brown kelp,Red beans,Soybeans,Tofu,C,,
During what celebration are mochis usually consumed in Japan?,New Year's Day,Hanami,Easter,Birthdays,A,,
From what Italian city does panettone come?,Naples,Rome,Milan,Venice,C,,
"What French celebrity chef born in 1945 was one of the chefs with the most stars in the world, with 32 stars?",Bernard Loiseau,Éric Frechon,Paul Bocuse,Joël Robuchon,D,,
From what country do spring rolls come?,Vietnam,China,Singapore,Indonesia,A,,
"In English, what is the German cake Schwarzwälder Kirschtorte called?",Black Forest cake,Bavarian cake,Cherry clafoutis,Strudel,A,,
What is a main ingredient in Scottish haggis?,Deer heart,Codfish liver,Sheep’s stomach,Sheep’s kidney,C,,
From what country does pho come?,Indonesia,Vietnam,Thailand,Laos,B,,
"In cooking, to what does an espuma refer?",A foam,A sauce,A cream,A condiment,A,,
What is the special ingredient used in the preparation of Lebanese basboussa?,Almond meal,Pistachio powder,Ground hazelnuts,Fairy dust,B,,
What kind of animal is Timon from “The Lion King”?,A coyote,A prairie dog,A giant squirrel,A meerkat,D,,
What animal shape does the fire spirit take in “Frozen 2”?,A chameleon,A salamander,A lizard,A fly,B,,
"What is the name of the prequel to “Monsters, Inc.”?","Monsters, Inc. 2",Monsters Company,Monsters & Co.,Monsters University,D,,
What number is painted on Lightning McQueen’s sides?,1,17,59,95,D,,
What breed are Aunt Sarah’s two cats in “Lady and the Tramp”?,Persian,Bengal,Siamese,Sphynx,C,,
What is written on the cookies that make Alice bigger when she eats them?,No touching,Make me bigger,Eat me,Nothing,C,,
What is the name of the chef at “Tony’s Restaurant” in “Lady and the Tramp”?,Tony,Joe,Alfred,Antonio,B,,
What animal is Honest John in the “Pinocchio” movie?,A cat,A fox,A dog,A wolf,B,,
"In “Snow White and the Seven Dwarfs”, which of these is not a dwarf?",Sneezy,Happy,Sleepy,Crabby,D,,
What is the name of the feline enemy of Cinderella’s two helper mice?,Dinah,Lucifer,Bruton,Br’er,B,,
"In 2020, which team holds the UEFA European Championship Cup?",France,Italy,Portugal,Spain,C,,
Which of these teams has never won the World Cup?,The Netherlands,France,Spain,Italy,A,,
Which player has been called FC Barcelona's best striker in official competitions?,Lionel Messi,Samuel Eto'o,Luis Suárez,Rivaldo,A,,
Which team won the UEFA Europa League in 2020?,Sevilla FC,Atlético Madrid,Arsenal FC,Chelsea FC,A,,
Which team defeated the French women's soccer team in the 2019 World Cup quarterfinals?,The United States,England,The Netherlands,Italy,A,,
What has the former UEFA cup been called since 2009?,The UEFA Europa League,The UEFA Champions League,The UEFA Super Cup,The UEFA World Cup,A,,
Which of these players didn't score a single goal in four different World Cups?,Pelé,Uwe Seeler,Zinédine Zidane,Cristiano Ronaldo,C,,
"On the field, which player is sometimes called the lone striker?",Winger,Center-forward,Second striker,Goalie,B,,
What country has never won a World Cup in women's soccer?,Germany,Norway,Japan,France,D,,
Which country will host the 2022 World Cup?,France,Qatar,Russia,Germany,B,,
What is the name of Ron Weasley’s rat?,Scabbers,Bruisers,Sleepers,Fighters,A,,
What actor never played the role of Albus Dumbledore in the movies?,Michael Gambon,Richard Harris,Ian McKellen,Jude Law,C,,
When was the first Harry Potter movie released?,1998,1999,2000,2001,D,,
Who gave Harry Potter his owl?,Rubeus Hagrid,Minerva McGonagall,Albus Dumbledore,Arthur Weasley,A,,
What animal hurt Draco Malfoy in Hagrid’s Care of Magical Creatures class?,Hagrid’s dog Fang,A baby dragon,A basilisk,A Hippogriff,D,,
Which of these Dursley family members does not exist?,Vernon,Dudley,Dolores,Petunia,C,,
Who created the Sorcerer's Stone?,Nicolas Flamel,Albus Dumbledore,Godric Gryffindor,Neville Longbottom,A,,
Who plays Lord Voldemort in the Harry Potter movies?,Colin Firth,Ralph Fiennes,Hugh Grant,Eddie Redmayne,B,,
What is a Mudblood?,Someone with two Muggle parents,Someone with one Muggle parent,Someone with unknown parents,Someone with two wizard parents,A,,
Who is the Half-Blood Prince?,James Potter,Draco Malfoy,Severus Snape,Albus Dumbledore,C,,
In what US city does “Tom Clancy’s The Division 2” take place?,"Washington, D.C.",New York City,Los Angeles,Las Vegas,A,,
Quantic Dream is known for “Detroit: Become Human” and “Beyond: Two Souls”. But what was the studio’s very first game?,The Nomad Soul,Fahrenheit,Heavy Rain,Until Dawn,A,,
Which of these “Sims 4” expansion packs does not exist?,Get Together,City Living,Get Famous,Into the Future,D,,
Which of these developers has never worked on a Tomb Raider game?,Core Design,Crystal Dynamics,Remedy,Eidos Montréal,C,,
Who developed “SimCity” and also cofounded Maxis?,Peter Molyneux,Will Wright,Éric Viennot,Jordan Mechner,B,,
"Until 2020, which project had raised the most money via crowdfunding?",Star Citizen,Prison Architect,Bloodstained,Shenmue III,A,,
What is the name of the Assassin’s Creed game where you can control a Viking?,Assassin's Creed: Vikings,Assassin's Creed: Valhalla,Assassin's Creed: Odin,Assassin's Creed: Drakkars,B,,
Who is the main protagonist of “Red Dead Redemption II”?,John Marston,Dutch van der Linde,Arthur Morgan,Bill Williamson,C,,
Which of these Pokémon is not legendary in “Pokémon Shield/Sword”?,Eternatus,Zamazenta,Gigalith,Zacian,C,,
"In the “Luigi’s Mansion” games, what is the name of the professor who gives the ghost vacuum to Luigi?",P. Venkman,E. Gadd,I. Findall,E. Glu,B,,
"In what work can you follow the adventures of Tatsumi Oga, nicknamed ""Mad Dog Oga"", in his Ishiyama high school?",Ultramarine Magmell,Beelzebub,Black Clover,Boruto,B,,
What American adaptation of a manga was distributed exclusively by Netflix?,Full Metal Alchemist,Edge of Tomorrow,Kenshin the Vagabond,Death Note,D,,
In what work do the Shinigamis send Hollows to the Soul Society?,Naruto,D.Gray-man,Bleach,Black Butler,C,,
"There is a curse in ""Fruits Basket"" that transforms certain characters into animals of the zodiac if they hug someone of the opposite sex. How many of these cursed characters are there?",8,9,12,15,C,,
"In ""Fruits Basket"", what animal does Kyo turn into?",A rat,A cat,A dog,A boar,B,,
"What is the name of the animated adaptation that returns to the original plot of the manga ""Full Metal Alchemist""?",Full Metal Alchemist,Full Metal Alchemist: Conqueror of Shamballa,Full Metal Alchemist: Brotherhood,Full Metal Alchemist: Dual Sympathy,C,,
"What is the Erza's last name in ""Fairy Tail""?",Heartfilia,Scarlett,Dragnir,Fullbuster,B,,
What manga takes place in the country of Clow?,Tsubasa: Reservoir Chronicle,Seven Deadly Sins,Gate,Red Eyes Sword,A,,
"In ""Pluto"", what is the name of the first victim in the case assigned to Detective Gesicht?",Mont Rouge,Mont Vert,Mont Jaune,Mont Blanc,D,,
"In ""20th Century Boys"", on what date is the world destined to come to an end?","December 31st, 2000","December 31st, 2001","December 31st, 2002","December 31st, 2003",A,,
"What is special about Claire Randall in the series ""Outlander""?",She can travel in time,She has mutant powers,She is the queen of the Outlands,She is blind,A,,
"The series ""Locke & Key"" is adapted...",From comics,From novels,From films,From fables,A,,
"What is the name of the continuation of the 2016 series ""The Young Pope""?",The Last Pope,The New Pope,The Best Pope,Young Pope Forever,B,,
"What is the name of the president in the 2004 series ""Battlestar Galactica""?",Barbara Roslin,Kara Roslin,Sarah Roslin,Laura Roslin,D,,
In what television series did rapper Childish Gambino play one of the main roles?,The Wire,Breaking Bad,Community,Watchmen,C,,
"In ""Money Heist"", who is Rio?",Anibal Cortés,Agata Jimenez,Daniel Ramos,Mirko Drakić,A,,
What is the first name of the title detective in the series “Columbo”?,Jack,Frank,Sully,Jean,B,,
"""The Office"" was a British series before being adapted for the United States. Who created and stars in this original version?",Martin Freeman,Ricky Gervais,Steve Carell,Rainn Wilson,B,,
What is the name of the television series that came out in 2008 based on the Terminator franchise?,Judgment Day,Battle Across Time,Rise of the Machines,The Sarah Connor Chronicles,D,,
"What other series from the Star Trek saga ""Star Trek: Picard"" recounts the continuation of the adventures of Jean-Luc Picard?",Discovery,The Next Generation,Deep Space Nine,Enterprise,B,,
Which poisonous gas has the formula CO?,Cobalt tetroxide,Chlorine oxide,Carbon monoxide,Calcium trioxide,C,,
CNN is an abbreviation for which media company?,Country's National News,Corporate News North,Channel News Now,Cable News Network,D,,
"Which of these words means ""a summary or outline of a book""?",Synopsis,Synergy,Syntax,Synod,A,,
The Hindu Kush is a mountain range on which continent?,Asia,Africa,Australia,Antarctica,A,,
"In the hospital, ""local"" is normally an abbreviation for what?",Local anaesthetic,Local scan,Local therapy,Local stitches,A,,
"In the ""Harry Potter"" stories, what kind of creature is Firenze?",Dragon,Centaur,Phoenix,Owl,B,,
Le Bourget Airport is in which city?,Paris,Brussels,Geneva,Rome,A,,
A ship's sails are usually made from which fabric?,Canvas,Felt,Hessian,Cashmere,A,,
Which of these is a thin cloth used as a medical dressing?,Hessian,Damask,Gauze,Brocade,C,,
"""Anglepoise"" is a type of which household item?",Mirror,Clock,Knife,Lamp,D,,
"What is the meaning of the French word ""rue""?",Mountain,Bread,Sauce,Street,D,,
"Rifle, pistol and running target are all events in which Olympic sport?",Shooting,Decathlon,Biathlon,Shot put,A,,
What specific term is given to the marathon and the 20 and 50 kilometer walking events?,Long-distance,Relays,Road events,Sprints,C,,
"What collective name is given to the group of countries comprising Belgium, The Netherlands and Luxembourg?",Netherlux,Luxembel,Benelux,Electrolux,C,,
The highest point in the hills to the east of Jerusalem is the Mount of...?,Oranges,Olives,Grapes,Nuts,B,,
Which sitcom launched Ashton Kutcher on the road to fame?,That '70s Show,What '80s Show,Which '90s Show,This '50s Show,A,,
Which powerful weapon did France test at Muroroa Atoll in the Pacific in 1973?,Nerve gas,Laser,Hydrogen bomb,Hybrid garlic bulb,C,,
"In April 2004, the golfer Phil Mickelson won his first what?",Wooden spoon,Sponsor,Major,Prize money,C,,
Lance Armstrong won his sixth consecutive what in 2004?,FA Cup medal,US Masters,Tour de France,Wimbledon,C,,
Whom did Henry V famously defeat at the Battle of Agincourt?,Germans,Irish,French,Scots,C,,
"Complete the title of Edward Gibbon's book, ""The Decline and Fall of the Roman ...""?",Restaurant,Man,Empire,Republic,C,,
Which crazy cartoon duck speaks with a pronounced lisp?,Quacky,Daffy,Drakey,Beaky,B,,
"The name of which mountain range is derived from the Nepalese for ""home of snow""?",Andes,Rockies,Himalayas,Cairngorms,C,,
Which author created the detectives Miss Marple and Hercule Poirot?,Arthur Conan Doyle,P.D. James,Raymond Chandler,Agatha Christie,D,,
How many witches are there in Shakespeare's 'Macbeth'?,Two,Three,Four,Thirteen,B,,
Which of these is a famous bridge in Venice?,Bridge of Moans,Bridge of Groans,Bridge of Whines,Bridge of Sighs,D,,
"Which word represents the letter ""T"" in the NATO alphabet?",Turnip,Tomato,Tango,Tortoise,C,,
Charles Schulz is most famous for drawing which cartoon strip?,The Far Side,Doonesbury,Dilbert,Peanuts,D,,
"According to the Old Testament, who was the twin brother of Jacob?",Adam,Esau,Methuselah,Jonah,B,,
Which animal is associated with the beginning of an MGM film?,Tiger,Bear,Unicorn,Lion,D,,
Which legendary hero was the subject of a Disney animated feature film in 1997?,Hercules,Ulysses,Perseus,Achilles,A,,
What sort of insects are hairstreaks and fritillaries?,Butterflies,Spiders,Beetles,Ants,A,,
On which river does the city of Vienna stand?,Danube,Rhône,Rhine,Weser,A,,
What name is given to the Japanese art of swordsmanship practiced with bamboo staves?,Ju-jitsu,Aikido,Karate,Kendo,D,,
"In which sport would spoons, paternosters and lures be used?",Golf,Sailing,Target shooting,Fishing,D,,
"What does the letter ""S"" stand for in the abbreviation VHS?",Standard,Synchronization,Syndication,System,D,,
"By what name was Beijing, the capital city of China, formerly known?",Peking,Shenyang,Shanghai,Kunming,A,,
"Which adjective goes before ""Inquisition"" to give the name of a notorious ecclesiastical court?",Swiss,Swedish,Spanish,Serbian,C,,
"According to the Old Testament, Moses led the Israelites out of which country?",Turkey,Greece,Italy,Egypt,D,,
"According to the Bible, who was thrown into a den of lions?",Esau,Joseph,Saul,Daniel,D,,
"According to the Old Testament, to whom did God speak using a burning bush?",Adam,Moses,Daniel,Cain,B,,
"Which word meaning ""before"" is also the name for a superior officer in a religious house or order?",Ere,Previous,Afore,Prior,D,,
"According to the Bible, on what were the Ten Commandments written?",Parchment,Slate,Papyrus,Stone,D,,
"According to the Bible, with which weapon did David slay Goliath?",Lance,Arrow,Sling,Club,C,,
"According to the Bible, Goliath belonged to which tribe?",Brutes,Ignoramuses,Luddites,Philistines,D,,
What was the title given to past rulers of Iran?,Sheikh,Sultan,Shah,Emir,C,,
"According to the Bible, which disciple betrayed Jesus in the Garden of Gethsemane?",Judas Iscariot,Matthew,Peter,Philip,A,,
Altostratus is a type of what?,Soil type,Singing voice,Cloud formation,Musical instrument,C,,
"In the theatre, which of these is an actor who overacts?",Ham,Rasher,Gammon,Trotter,A,,
What color is the rising sun on the national flag of Japan?,Purple,Orange,Yellow,Red,D,,
What was the first name of President Mitterand of France?,Jacques,Charles,François,Edouard,C,,
What was the Emperor Napoleon I's surname?,Montparnasse,Voltaire,Bonaparte,De Beauharnais,C,,
Which comic book hero lives in Gotham City?,Aquaman,Wonder Woman,Superman,Batman,D,,
"Wolverine, Storm and Rogue are characters in which super hero team?",Y-Men,Z-Men,X-Men,W-Men,C,,
"In Arthurian legend, with whom did Sir Lancelot fall in love?",Gabrielle,Gertrude,Goldilocks,Guinevere,D,,
Luke Skywalker is a character in which science fiction film?,The Terminator,Star Wars,The Matrix,Alien,B,,
Which of these words means a small group of trees?,Hopse,Dopse,Copse,Fopse,C,,
Vienna is the capital of which country?,Switzerland,Italy,Austria,Ireland,C,,
Which of these would you need to assist you in the vault event in an athletics competition?,Ball,Bat,Pole,Puck,C,,
"Which Disney film features the song ""The Bare Necessities""?",The Jungle Book,The Lion King,Pinocchio,Bambi,A,,
The coastline of Italy is on which body of water?,Mediterranean Sea,Arabian Sea,Arctic Sea,South China Sea,A,,
"What is the name of the princess in the Disney animated film ""Aladdin""?",Saffron,Violet,Jasmine,Lavender,C,,
Julius Caesar was the ruler of which ancient empire?,Egyptian,Ottoman,Roman,British,C,,
Which board game involves removing parts of a body without making the patient's nose buzz?,Surgery,Operation,Hospital,Doctor,B,,
"Which rapper stars in the film ""8 Mile""?",Dr. Dre,Ice T,Vanilla Ice,Eminem,D,,
Who was not a Ninja Turtle?,Donatello,Giotto,Raphael,Michaelangelo,B,,
"The fifth Harry Potter book is ""Harry Potter and the Order of the ...""?",Unicorn,Sphinx,Dragon,Phoenix,D,,
What name is given to the part of a golf club connecting the head to the grip?,Pole,Link,Shaft,Rod,C,,
"Which ""baby doctor"" won an Olympic gold medal for rowing in 1924?",Kirk,Spock,McCoy,Uhura,B,,
"What does the ""V"" stand for in the tech acronym DVR?",Virtual,Viewing,Video,Volume,C,,
What was Hillary Clinton's maiden name?,Rodgers,Runnels,Richards,Rodham,D,,
"What is a ""widow's peak""?",Mountain climbing tool,Type of car seat,Knight's visor,V-shaped hairline,D,,
Which of these is a controversial musical from the late 1960s?,Hair,Eyes,Teeth,Wrinkles,A,,
"In a Tchaikovsky ballet, the magician turns Princess Odette into what?",Duck,Goose,Swan,Flamingo,C,,
"For which string is Bach's famous ""air"" composed?",G string,A string,B string,F string,A,,
Eddie Murphy provides the voice of the donkey in which film?,Fantasia,Patch Adams,Chicken Run,Shrek,D,,
Which of these creatures is most accurately described as an equine quadruped?,Squid,Horse,Spider,Ostrich,B,,
Which of these animals resembles a small kangaroo?,Anteater,Koala,Sloth,Wallaby,D,,
In which ocean did the Titanic sink?,Arctic,Atlantic,Indian,Pacific,B,,
How is Tsar Peter I of Russia more commonly known?,The Liberator,The Great,The Terrible,The Mad,B,,
How many carats is pure gold?,12,18,24,30,C,,
"In total, how many planets in the solar system end with the letter S?",One,Two,Three,Four,C,,
Which chess piece can move any number of squares both in a straight line or diagonally?,Pawn,Queen,Knight,Bishop,B,,
By what name was German aviator Manfred von Richthofen better known?,The Red King,The Red Devil,The Red Baron,The Red Admiral,C,,
What is a trattoria in Italy?,Art gallery,Highway,Opera house,Restaurant,D,,
"In ""Alice's Adventures in Wonderland"", what bird does Alice use to play croquet?",Pelican,Ostrich,Flamingo,Swan,C,,
"After the flood, Noah's Ark is said to have rested on what mountain?",Sinai,Ararat,Kilimanjaro,Everest,B,,
What is the medical term for the thighbone?,Ulna,Femur,Radius,Fibula,B,,
In which Canadian province is French the only official language?,British Columbia,Quebec,Alberta,Manitoba,B,,
Saint Bernard dogs were originally bred to help travelers in which mountain range?,Alps,Pyrenees,Rockies,Andes,A,,
"According to legend, the Pied Piper of Hamelin was engaged to rid the city of what?",Rats,Snakes,Frogs,Birds,A,,
Wildebeest is another name for what African animal?,Hippopotamus,Giraffe,Hyena,Gnu,D,,
"If an animal is ""arboreal"", where is it most likely to live?",In trees,In water,In deserts,In caves,A,,
"At the start of a game of chess, there are sixteen of which piece on the board?",Pawn,Knight,Rook,Bishop,A,,
"At the beginning of a game of chess, which pieces occupy the four corners of the board?",Rooks,Pawns,Knights,Bishops,A,,
How many grams are there in a kilogram?,10,100,"1,000","10,000",C,,
Which branch of biology deals with organisms and their environment?,Zoology,Ecology,Botany,Geology,B,,
A dish cooked with browned breadcrumbs and cheese is served how?,Au fond,Au monsieur,Au gratin,Au contraire,C,,
"What capital is known as ""The Eternal City""?",Rome,Paris,London,Madrid,A,,
"Which capital city has a flat, whitish bean named after it?",Seoul,Wellington,Lima,Paris,C,,
Which of these is not a human blood group?,A,B,C,O,C,,
"Before becoming president of Russia, Vladimir Putin was an officer in which of these?",CIA,MI5,KGB,OPEC,C,,
Jane Porter was the girlfriend of which fictional strongman?,Conan,The Hulk,Tarzan,Thor,C,,
A polo match is divided into a number of...?,Chubbers,Chillies,Crackers,Chukkas,D,,
In which of these sports do competitors lie on their backs?,Slalom,Luge,Ski jumping,Curling,B,,
"In astronomy, what is a light year a measure of?",Speed,Distance,Weight,Brightness,B,,
The Mohican people are native to which continent?,Asia,Australia,North America,Europe,C,,
How many hydrogen atoms are there in each water molecule?,Zero,One,Two,Three,C,,
"On the Fahrenheit scale, what is the freezing point of water?",0°,10°,24°,32°,D,,
In which country is the vacation destination of Cancun?,Thailand,Morocco,Tunisia,Mexico,D,,
"In which of these activities might you execute a ""clean and jerk"" or a ""snatch""?",Fishing,Weightlifting,Wrestling,Soccer,B,,
What does the Japanese art of origami involve?,Flower arranging,Tree pruning,Glass blowing,Paper folding,D,,
"Geographically speaking, what is an archipelago?",River valley,Group of islands,Mountain pass,Active volcano,B,,
"In the comics, what was Spider-Man's real name?",Peter Parker,Clark Kent,Bruce Wayne,Tony Stark,A,,
"How do mathematicians describe a number multiplied by itself, and then by itself again?",Squared,Cubed,Factored,Triangulated,B,,
"In which of these games is the object hit by players sometimes known as the ""bird""?",Badminton,Tennis,Golf,Croquet,A,,
What were Spanish doubloons?,Gold coins,Infantrymen,Baggy trousers,Riding boots,A,,
"In golf, which of these is a hole which sharply changes direction?",Birdleg,Catleg,Dogleg,Horseleg,C,,
"In literature, who has school friends named Ron Weasley and Hermione Granger?",Pippi Longstocking,Paddington Bear,Winnie-the-Pooh,Harry Potter,D,,
What name is given to a material that allows an electrical current to flow through easily?,Composer,Complainer,Conductor,Controller,C,,
A cougar is a large variety of which animal?,Bird,Sheep,Cat,Trout,C,,
What type of animal is a mastiff?,Cat,Sheep,Dog,Horse,C,,
What is the capital of Russia?,Moscow,St. Petersburg,Minsk,Kiev,A,,
Napoleon was the emperor of which of these countries?,Australia,Mexico,South Africa,France,D,,
"In Asia, what is a rickshaw?",Rice dish,Palace,Temple,Vehicle,D,,
Which of these is part of a computer?,Vole,Hamster,Rat,Mouse,D,,
What is the only vowel in the second row of letters on a standard QWERTY keyboard?,O,I,A,U,C,,
"A Shakespeare play is titled ""A Midsummer Night's"" what?",Romance,Adventure,Feast,Dream,D,,
"In the radio communications alphabet, which name represents the letter ""V""?",Vincent,Verity,Victor,Violet,C,,
Which of these musicians was a member of the Beatles?,Elton John,Eric Clapton,George Harrison,Jimmy Page,C,,
The city of Glasgow is in what country?,Poland,England,Iceland,Scotland,D,,
Which of these titles was given to the kings of ancient Egypt?,Emir,Pharaoh,Ayatollah,Sheikh,B,,
Which of these is a yellow flower?,Primdaisy,Primtulip,Primcarnation,Primrose,D,,
What type of animal is the film and literature character Stuart Little?,Mouse,Rabbit,Cat,Bird,A,,
Cirrus and cumulonimbus are examples of what?,Bacteria,Insects,Clouds,Muscles,C,,
What German car manufacturer produced the Beetle?,Volkswagen,Mercedes,Opel,BMW,A,,
"A tortilla is a thin, cornmeal pancake from which country?",France,Mexico,Ireland,Italy,B,,
In which country is the Valley of the Kings located?,France,India,Greece,Egypt,D,,
"Complete the title of the novel by William Thackeray: ""Vanity..."" what?",Farm,Forest,Fair,Field,C,,
Which European capital was divided into east and west sectors from 1945 to 1990?,Paris,Athens,Rome,Berlin,D,,
A bite from which creature introduces malaria into the blood system?,Wasp,Rat,Pigeon,Mosquito,D,,
What was the first name of the country music singer whose surname was Wynette?,Patsy,Tammy,Loretta,Reba,B,,
"According to a Shakespearean quote, what did Juliet describe as ""such sweet sorrow""?",Meeting,Parting,Singing,Dancing,B,,
"Which musical instrument has an extendable slide, pushed in and out to produce different notes?",Oboe,Saxophone,Trombone,Tuba,C,,
"On the human body, the navel is a scar formed by the detachment of what?",Eustachian tube,Pulmonary vein,Carotid artery,Umbiliical cord,D,,
Maya Angelou is most closely associated with which branch of the arts?,Literature,Sculpture,Fashion,Architecture,A,,
Which one of Batman's enemies is six centuries old?,Solomon Grundy,Ra's al Ghul,Calendar Man,The Joker,B,,
"Which new ally helps Batman in the movie ""Batman and Robin""?",Robin,Batgirl,Huntress,Alfred Pennyworth,B,,
"In the animated series ""Batman Beyond,"" who reprises the role of the Black Knight?",Dick Grayson,"James Gordon, Jr.",Damian Wayne,Terry McGinnis,D,,
How does the supervillain Scarecrow make his victims paranoid?,By using reverse psychology,Through a toxin he created,With radio waves,By harassing them on the phone,B,,
"Which of these characters is not part of the ""Gotham City Sirens"" trio?",Harley Quinn,Zatanna,Poison Ivy,Catwoman,B,,
What is the name of Superman's biological father?,Jor-El,Bardock,Perry White,Elvis Presley,A,,
"In the comic ""Injustice: Gods Among Us,"" which event turns Superman into a tyrant?",Censure of the press,The death of Lois Lane,The breakup of the Justice League,Red underwear was out of stock,B,,
The Superman symbol is a Kryptonian legacy. What does it represent?,The coat of arms of the El family,The Kryptonian space program,A business logo,A colony of Krypton,A,,
"What is the name of the monster Superman confronts in ""The Death of Superman""?",Doomsday,Lobo,Brainiac,Starro,A,,
"Which event changes the chronology in the alternate history ""Superman: Red Son""?",Superman is a Soviet,Superman is a Martian,Superman does not have his normal powers,Lex Luthor is Superman,A,,
"In the ""Superman and Lois"" series, what are the names of the sons of Clark and Lois?",Ben & Jerry,Jonathan & Jordan,Lex & Lionel,Rox & Rucky,B,,
In which comic book series does Wonder Woman team up with Batman and Superman?,Heroes,Triangle,Triforce,Trinity,D,,
"In the 2017 ""Wonder Woman"" movie, in which conflict does Wonder Woman take part?",World War I,The Vietnam War,The Civil War,Star Wars,A,,
Which of Wonder Woman's enemies can become immense?,Titania,Colossa,Giganta,Cyclopa,C,,
Which supervillain was friends with Wonder Woman in the past?,Cheetah,Circe,Giganta,Morgan le Fay,A,,
Who are Wonder Woman's people?,The Sirens,The Amazons,The Valkyries,The Spartans,B,,
"In the 2014 TV series ""The Flash,"" which phrase is often repeated to Barry Allen by his allies?","""Run, Barry, run!""","""Faster and faster!""","""To infinity and beyond!""","""Excelsior!""",A,,
"In the 2014 TV series ""The Flash,"" which pair of small-screen actors end up as partners?",Wentworth Miller & Dominic Purcell,Bryan Cranston & Aaron Paul,Matthew Perry & Matt LeBlanc,Benedict Cumberbatch & Martin Freeman,A,,
Why does Barry Allen join the crime lab?,To follow in the footsteps of his father,To solve the murder of his mother,To honor a promise,To work with his idol,B,,
Which member of the Justice League has the Flash raced several times?,Batman,Green Lantern,Superman,Wonder Woman,C,,
Which nickname is the Flash sometimes given?,The Scarlet Speedster,The Crimson Racer,Rapid Red,The Vermilion Lightning,A,,
"Amongst Atlanteans, which power is unique to Aquaman?",Resistance to underwater pressure,Endurance of extreme temperatures,Mental influence over underwater life,Extreme swimming speed,C,,
"In the 2017 ""Justice League"" movie, on which tide does Aquaman arrive to help a village of fishermen?",The Jetstream,The Royal Tide,The Monsoon Tide,The Melade Tide,B,,
"Which cartoon features Mermaid Man, a parody of Aquaman?",Spongebob Squarepants,Dora the Explorer,Ben 10,Totally Spies,A,,
Which body part has Aquaman already lost?,His foot,His hand,His shoulder,His head,B,,
"In the 2018 ""Aquaman"" movie, what is the name of the monster that guards the remains of King Atlan?",The Kraken,The Karathen,Scylla,Monstro,B,,
Where is the headquarters of the IOC?,Marseille,Seville,Lausanne,Venice,C,,
Which city will host the Summer Olympics in 2028?,Beijing,Paris,Los Angeles,Madrid,C,,
Which city hosted the centennial Summer Olympic Games in 1996?,Paris,Athens,Sochi,Atlanta,D,,
Which team is nicknamed “The Dream Team”?,The US's soccer team,The US's ice hockey team,The US's basketball team,The US's weightlifting team,C,,
Which wrestler was the American flag bearer at the Sydney Olympic Games in 2000?,Rulon Gardner,Kevin Jackson,Harry Steel,Kendall Cross,A,,
Which sprinter was the 100 m gold medalist in 1992 and was disqualified in the finals four years later?,Christophe Lemaitre,Linford Christie,Usain Bolt,Justin Gatlin,B,,
"Before Laure Manaudou in 2004, who was the last French gold medalist in swimming?",Florent Manaudou,Jean Boiteux,Yannick Agnel,Amaury Leveaux,B,,
What is Americain athlete Allyson Felix's specialty?,Cornhole,Windsurfing,Greco-Roman wrestling,Track and field,D,,
"Which athlete played himself in ""Endurance"", a docudrama about his Olympic experience in 1996?",Alain Mimoun,Emil Zatopek,Haile Gebreselassie,Jonathan Edwards,C,,
Which sports make up a triathlon?,"Karate, Taekwondo, Judo","Archery, Equestrianism, Fencing","Cross country skiing, Alpine skiing, Biathlon","Swimming, Cycling, Running",D,,
In which sport did American Simone Biles win four gold medals in Rio de Janeiro in 2016?,Artistic gymnastics,Bobsledding,Fencing,Tennis,A,,
"Which American swimmer was the 100 m butterfly gold medalist in 2004, 2008, and 2012?",Pablo Morales,Franck Esposito,Michael Phelps,Ryan Lochte,C,,
Which country has won the most medals in swimming?,Greece,The United States,Great Britain,France,B,,
What are the two events in weightlifting?,Standing Lift and Prone Lift,Throw and Catch,Snatch and Clean and Jerk,Raise and Rest,C,,
On which surface do beach volleyball games take place?,On snow,On sand,On grass,On wood floors,B,,
Which equestrian event is not in the Olympic program?,Jumping,Dressage,Eventing,Hobbyhorsing,D,,
How many years is an Olympiad (the period between two editions of the Olympic Games)?,one year,four years,eight years,twenty years,B,,
What are the two official languages of the Olympic Games?,Chinese and Russian,French and English,Portuguese and German,Latin and Ancient Greek,B,,
Which Olympic symbol is passed from hand to hand during the opening ceremony?,A baton,A torch,A scepter,A magic wand,B,,
Which nationality was the unique bobsled team that inspired a Hollywood comedy?,French,German,Jamaican,Russian,C,,
Which object do curling players use to slow down or speed up a stone?,A mop,A broom,A fan,A rope,B,,
What black object do hockey players hit with their sticks?,A ball,A puck,A jack ball,A marble,B,,
What is the side part of a ski called?,The bus,The edge,The tram,The wagon,B,,
Which skier won the first gold medal for Spain in the Winter Olympics?,Francisco Fernandez-Ochoa,Rafael Nadal,Carlos Sainz,Iker Casillas,A,,
Where did the Winter Olympics take place in 1992?,Albertville,Lake Placid,Pyongyang,Sochi,A,,
Which sport does Lindsey Vonn do?,Rugby Sevens,Alpine skiing,Table tennis,Cricket,B,,
"Complete the title of the TV series ""Battlestar ...""?",Stellar,Galactica,Cosmos,Nebular,B,,
"Corgi means ""dwarf dog"" in which language?",Spanish,Italian,Welsh,Manx,C,,
Dim sum is a popular dish in which cuisine?,Chinese,Turkish,Indian,Mexican,A,,
Flora and fauna is the Latin term meaning what?,Plants and animals,Sea and sky,Land and water,Vegetable and mineral,A,,
For what would henna most commonly be used?,Flavoring stews,Coloring hair,Fertilizing soil,Cleaning drains,B,,
"Fox, Skye and Bull are all types of which dog?",Spaniel,Poodle,Collie,Terrier,D,,
Francis Ford Coppola directed three parts of which film saga?,Jaws,The Godfather,Alien,Godzilla,B,,
From whose head did William Tell shoot an apple?,His father's,His wife's,His son's,The Duke of Austria's,C,,
How is the star sign Aquarius described in the Zodiac?,Water-bearer,Tree-worshipper,Fire-eater,Seed-gatherer,A,,
How many legs does an insect have?,4,5,6,8,C,,
How many people are there in a sextet?,6,7,8,9,A,,
How much was Lee Majors' bionic astronaut worth in the title of the 1970s TV series?,"â‚¬1,000,000",$6 000 000,Â¥100,Â£5,B,,
Humpback and Orca are varieties of which sea creature?,Whale,Starfish,Seahorse,Octopus,A,,
"If someone is described as flabbergasted, what are they?",Angelic,Amazed,Argumentative,Assertive,B,,
"If something is described as ""cruciform,"" what is it shaped like?",Star,Wheel,Diamond,Cross,D,,
"If you are suffering from the ""green-eyed monster"", what emotion are you feeling?",Jealousy,Lethargy,Confusion,Amusement,A,,
"If you can't recognize a person, you're said not to know him from...who?",Aaron,Andrew,Abraham,Adam,D,,
"If you keep quiet about your talents, you are said to ""hide your light under a..."" what?",Bushel,Furlong,Cubit,Ounce,A,,
"If you wanted ""highlights,"" what would your hairdresser do to your hair?",Make it curly,Put in blond streaks,Braid it,Cut it short and spiky,B,,
"If you were born on New Year's Day, what would your birth sign be?",Virgo,Aquarius,Capricorn,Aries,C,,
"In 2010, comedian Russell Brand announced his engagement to which pop star?",Pink,Lady Gaga,Taylor Swift,Katy Perry,D,,
"In a court of law, what title is given to the person who acts as the speaker for the jury?",Foreman,Leader,Manager,Director,A,,
"In geology, what is the name of a fracture in the earth's crust?",Warp,Fault,Taint,Scratch,B,,
"In Greek mythology, Helen of Troy's face is said to have ""launched a thousand"" what?",Stars,Careers,Ships,Cannons,C,,
"In India, what is 'pachisi'?",Religious sect,Board game,Metallic fabric,Buffalo milk,B,,
"In music, who was the youngest original member of the Jackson Five?",Jackie,Tito,Jermaine,Michael,D,,
"In November 2012, whose ""Gangnam Style"" became YouTube's most-viewed video ever?",PSY,Ylvis,Lady Gaga,Rihanna,A,,
"In speech, which of these is the transposition of the initial consonants of two words with a funny result?",Bowlerism,Spoonerism,Platerism,Cupperism,B,,
"In the 1986 action film ""Top Gun"", what did Tom Cruise's character ""feel the need for""?",Height,Flight,Speed,Greed,C,,
In the Bible. which of these characters did Jesus restore to life?,Luke,Lazarus,Martha,Miriam,B,,
"In the nursery rhyme, what type of pie was Little Jack Horner eating?",Christmas,Thanksgiving,Birthday,Humble,A,,
"In the title of a popular TV show, what type of monsters does ""Buffy"" slay?",Vampires,Mummies,Ghosts,Werewolves,A,,
"In total, how many signs of the zodiac are there?",Six,Eight,Ten,Twelve,D,,
"In which decade of the 20th century does the action of the film ""Grease"" take place?",60s,40s,50s,70s,C,,
In which European city did the famed Moulin Rouge cabaret open?,Rome,Vienna,Madrid,Paris,D,,
"Of which film family were Ben Stiller, Dustin Hoffman, and Barbra Streisand members in a 2004 film?",The Tenenbaums,The Addams,The Fockers,The Von Trapps,C,,
On which TV series did Woody Harrelson play Woody the bartender?,Friends,Taxi,Cheers,Roseanne,C,,
"Once married to Marilyn Monroe, Joe DiMaggio played what sport professionally?",Baseball,Football,Hockey,Basketball,A,,
One of the world’s best-known operas is George Bizet’s ‘what’?,Caramel,Cameron,Carmel,Carmen,D,,
Oops!...I Did It Again was a hit single and album in 2000 for which singer?,Jessica Simpson,Jennifer Lopez,Christina Aguilera,Britney Spears,D,,
Popcorn is traditionally made from which grain?,Rice,Barley,Wheat,Maize,D,,
Prosecco is a sparkling wine from which country?,Italy,Spain,Portugal,France,A,,
Radioactive was a 2013 single for which band?,Think Wizards,Imagine Dragons,Picture Trolls,Suspect Elves,B,,
Rogan josh is a dish typically found in what kind of restaurant?,Chinese,Indian,French,Spanish,B,,
Sodium chloride is more commonly known by what name?,Baking powder,Salt,Bleach,Dry ice,B,,
Sugar Ray Leonard is most associated with which sport?,Bowling,Baseball,Basketball,Boxing,D,,
The 1990 film 'Green Card' was the first English-speaking role for which French performer?,Yves Montand,Catherine Deneuve,Gérard Depardieu,Vanessa Paradis,C,,
"The boxer Muhammad Ali is known for the quote ""float like a butterfly..."" and what?",Fly like a bird,Roar like a dragon,Bite like a snake,Sting like a bee,D,,
The character Penelope Pitstop featured in which television races?,Crazy,Goofy,Nutty,Wacky,D,,
The chihuahua breed of dog takes its name from a state in which country?,Canada,Mexico,Egypt,New Zealand,B,,
The Davis Cup is an annual international championship in which sport?,Golf,Tennis,Soccer,Yachting,B,,
The firms Sotheby's and Christie's are most associated with which of the following?,Antiques,Cooking,Vacations,Gardening,A,,
The Greek god Pan is depicted with the legs of which creature?,Badger,Goat,Frog,Pig,B,,
The 'Home and Away' actress Bec Cartwright married which tennis player in 2005?,Roger Federer,Lleyton Hewitt,Marat Safin,Andy Roddick,B,,
The meat pancetta is obtained from which animal?,Duck,Cow,Sheep,Pig,D,,
"The 'MMR' is a vaccine against measles, mumps and which other disease?",Chickenpox,German measles,Whooping-cough,Polio,B,,
The offense of willfully telling an untruth in a court after having taken an oath is known as what?,Treason,Perjury,Conspiracy,Arson,B,,
The Phantom Menace is a prequel to which film?,Star Trek,Indiana Jones,Jurassic Park,Star Wars,D,,
The Roman emperor Commodus was a character in which of these Oscar-winning films?,Braveheart,Gladiator,Argo,Unforgiven,B,,
The shrub leylandii is most often used for what?,Roofing,Hedges,Hats,Fodder,B,,
The song 'A Spoonful of Sugar' features in which film?,Oliver!,My Fair Lady,Chitty Chitty Bang Bang,Mary Poppins,D,,
The symbol of communism is the hammer and what?,Sickle,Scythe,Sword,Shield,A,,
"The word ""tactile"" relates to which of the senses?",Taste,Touch,Hearing,Smell,B,,
The word stiletto refers to which item of clothing?,Scarf,Hat,Pants,Shoes,D,,
The world's population reached what figure in 2011?,2 billion,4 billion,5 billion,7 billion,D,,
To which of these pop groups did singer Sting belong?,U2,Boomtown Rats,Police,Genesis,C,,
"Traditionally, what would you do with a monocle?",Eat it,Throw it,Speak into it,Look through it,D,,
UNICEF is an agency of which organization?,OPEC,EU,UN,NATO,C,,
"Used as a relaxant, the drug diazepam has what trademark name?",Valium,Valentine,Vanadium,Vaseline,A,,
Vertigo is associated with a loss of what?,Skin,Memory,Hair,Balance,D,,
Video Killed The Radio Star by The Buggles was the first video shown on which TV network in 1981?,MTV,VH1,Nickelodeon,TNN,A,,
What are sometimes worn instead of spectacles?,Contact lenses,Goggles,Face mask,Visor,A,,
What colour is the background of the Olympic flag?,Blue,White,Green,Gold,B,,
"What comes before ""Seven"" in the title of a 1960 film starring Yul Brynner?",Dangerous,Incredible,Courageous,Magnificent,D,,
What describes a woman's garment held up by a strap around the back of the neck?,Hamper,Halter,Hammer,Hanger,B,,
What do you lose if you suffer from amnesia?,Your voice,Your hair,Your sense of taste,Your memory,D,,
"What does the ""SC"" stand for in the acronym SCUBA?",Self-contained,Self-correcting,Self-controlled,Self-carried,A,,
What does the letter A stand for in the activist group PETA?,Asia,Animals,Amnesty,Actors,B,,
What is 60% written as a fraction?,4*/3,5*/3,8*/3,10*/3,B,,
What is a 'geyser'?,Spring,Valley,Volcano,Waterfall,A,,
What is a mamba?,Dance,Snake,Fruit,Whale,B,,
What is measured in kilograms?,Length,Mass,Time,Temperature,B,,
What 'is the best policy' according to the traditional proverb?,Honesty,Flattery,Brevity,Modesty,A,,
What is the boiling point of water on the Celsius scale?,86Â°,100Â°,150Â°,212Â°,B,,
What is the correct word for the feather covering of birds?,Foliage,Plumage,Haulage,Pillage,B,,
What is the name for the tissue surrounding the root of a hair?,Folderol,Foliage,Folio,Follicle,D,,
What is the name for unedited prints of a film meant for immediate viewing?,Runs,Rushes,Races,Rallies,B,,
What is the name of the bars that form the steps of a ladder?,Rangs,Rongs,Rengs,Rungs,D,,
"What is the name of the clip with long serrated 'jaws', used as a temporary connection to a battery?",Lion clip,Crocodile clip,Bear clip,Tiger clip,B,,
What is the name of the e-book reader launched by Amazon in November 2007?,Shuffle,Mixer,Tinder,Kindle,D,,
"What is the name of the killer in the ""Nightmare on Elm Street"" film series?",Mike,Mark,Freddy,Chucky,C,,
What is the technical term for the main body of an airplane?,Cockpit,Aileron,Fuselage,Aerofoil,C,,
What is the title earned by an outstanding chess player of the highest standard?,Grand Monsieur,Grand Maestro,Grand Master,Grand Marnier,C,,
What is the unit of currency in New Zealand?,Dollar,Guilder,Crown,Peso,A,,
What is usually stored in a pantry?,Clothes,Food,Cars,Hay,B,,
What kind of committee decides on an organization's priorities and manages the course of its business?,Orienteering committee,Navigating committee,Piloting committee,Steering committee,D,,
What kind of creature is the glove puppet Orville?,Monkey,Duck,Bear,Dog,B,,
What kind of drink might be a 'single malt'?,Brandy,Gin,Port,Whisky,D,,
What kind of musical instrument is a heckelphone?,Percussion,Keyboard,String,Woodwind,D,,
What kind of restaurant is most likely to offer sesame prawn toasts?,French,Indian,Chinese,Italian,C,,
What kind of transport would take part in a dogfight?,Motorcycles,Cars,Trains,Airplanes,D,,
"What kind of tree has leaves known as ""fronds""?",Palm,Spruce,Willow,Maple,A,,
What name is given to the list of passengers carried by an airplane?,Manifold,Maniform,Manifesto,Manifest,D,,
What name was given to fashionable young women of the 1920s?,Flappers,Flippers,Flubbers,Flitters,A,,
What nationality is the actor Gérard Depardieu?,German,French,Dutch,Canadian,B,,
What nationality is the Formula 1 racing driver Jacques Villeneuve?,Australian,Canadian,Swiss,Belgian,B,,
What nationality was Casanova?,Greek,Italian,Dutch,Swiss,B,,
What sort of letter is sent to break off a relationship?,Dear Jack,Dear Joe,Dear John,Dear James,C,,
What superhero was played on screen by Tobey Maguire?,Spider-Man,Superman,Batman,The Hulk,A,,
What term is used to describe the possible outcome of an illness?,Synopsis,Catharsis,Prognosis,Psychosis,C,,
What was named after its deviser Anders Celsius?,Postmarking,Temperature scale,Bicycle pump,Printing ink,B,,
What was the first name of the film director Hitchcock?,Albert,Arthur,Allan,Alfred,D,,
What was the name of the main female character in the sitcom Seinfeld?,Elaine,Sarah,Helena,Susan,A,,
What was the subject of Charles Darwin's famous theory?,Relativity,Gravity,Evolution,Light,C,,
What was the title of the 1941 film the starred Humphrey Bogart as Sam Spade?,The Siamese Falcon,The Burmese Falcon,The Maltese Falcon,The Portuguese Falcon,C,,
What word applies to a group of people at a concert or an interview with an important person?,Mob,Congregation,Audience,Multitude,C,,
What word comes after the name of this fruit to make a derogatory term for a small country dominated by foreign interests and dependent on a single export?,Executive,Government,Bourgoisie,Republic,D,,
What would an ornithologist have an interest in watching?,Birds,Insects,Planes,Trains,A,,
"What would be finished by a ""Dear John"" letter?",Romantic relationship,Property lease,Employment,Education,A,,
What would you be most likely to do with a joss stick?,Eat it,Throw it,Burn it,Read it,C,,
"When added to a word, which letters mean ""the study of""?",*ism,*ulus,*hood,*ology,D,,
"When categorizing trees, what is the opposite of deciduous?",Perennial,Evergreen,Softwood,Hardwood,B,,
"When referring to time, the letters P.M. stand for post what?",Midnight,Meridiem,Midday,Mortem,B,,
"Which ""Peanuts"" cartoon character was in constant possession of a blanket?",Linus,Schroeder,Pigpen,Peppermint Patty,A,,
Which 1986 film centers on the Vietnam War and stars Charlie Sheen?,Company,Troop,Platoon,Squad,C,,
Which bird's pink plumage is derived from pigments in its food?,Macaw,Bullfinch,Flamingo,Pelican,C,,
Which British comedian was the controversial host of the 2020 Golden Globes ceremony?,Billy Connolly,Ricky Gervais,Sacha Baron Cohen,Russell Brand,B,,
Which car became known as a Tin Lizzie?,Austin Seven,Model T Ford,Volkswagen Beetle,Mini,B,,
Which character evolved from weak to tough in the hit series Breaking Bad?,Norman Bates,Raylan Givens,Mr. Big,Walter White,D,,
"Which character is played by Emma Watson in the ""Harry Potter"" films?",Harry,Hagrid,Hufflepuff,Hermione,D,,
Which chess piece can only move diagonally?,Bishop,Queen,Pawn,Castle,A,,
"Which classic film features the line ""Toto, I've got a feeling we're not in Kansas anymore""?",The Wizard of Oz,Mary Poppins,Dumbo,Casablanca,A,,
Which communication system uses two columns of three dots?,Morse,Semaphore,Esperanto,Braille,D,,
Which computer company was founded in 1976 by Steve Jobs and Steve Wozniak?,Dell,Apple,Hewlett Packard,IBM,B,,
Which country does not host a tennis Grand Slam tournament?,Italy,France,U.K.,U.S.,A,,
Which Disney film is set in China?,The Jungle Book,Mulan,Pinocchio,The Aristocats,B,,
Which document would be endorsed with a visa?,Tax return,Television licence,Passport,Birth certificate,C,,
Which element has the chemical symbol Pb?,Lead,Plutonium,Bismuth,Gold,A,,
"Which event do ""nuptials"" refer to?",Confirmation,Birthday,Graduation,Wedding,D,,
Which expression of approval is used in the NATO alphabet?,Yippee,Bravo,Yo,Encore,B,,
Which fictional character has been played on screen by Sean Connery and Roger Moore?,Lawrence of Arabia,James Bond,Indiana Jones,Batman,B,,
"Which film, released in Britain in 2002, starred Tom Cruise and Penelope Cruz?",Cinnamon Sky,Ginger Sky,Liquorice Sky,Vanilla Sky,D,,
Which French name is the equivalent of the English name Stephen?,Pierre,Jean,Etienne,Jacques,C,,
Which gas is used to make soft drinks fizzy?,Nitrogen,Chlorine,Helium,Carbon dioxide,D,,
"Which Hollywood legend was nicknamed ""The Duke""?",John Wayne,Humphrey Bogart,James Dean,Steve McQueen,A,,
Which horror film gave Jamie Lee Curtis her big break?,The Exorcist,The Shining,Friday the 13th,Halloween,D,,
Which is not an illegal punch in boxing?,Butt,Elbow,Jab,Palm,C,,
Which is the short sequence of letters and numbers at the end of a postal address?,Barcode,Lettercode,Postcode,Mailcode,C,,
"Which law states that if anything can go wrong, it will?",Parkinson's Law,Boyle's Law,Murphy's Law,Cole's Law,C,,
Which of Disney's seven dwarfs wears glasses?,Grumpy,Bashful,Doc,Happy,C,,
Which of the following are a pair of Disney cartoon characters?,Wedge an' Wood,Chip an' Dale,Will an' Morris,Hepple an' White,B,,
Which of the following was an activity practiced by medieval knights on horseback?,Jesting,Jousting,Jostling,Joisting,B,,
Which of these amounts is equal to a gross?,Three score,A ton and a half,A dozen dozen,Half a monkey,C,,
Which of these animals hoots?,Horse,Owl,Hen,Pig,B,,
Which of these are important film awards?,Joshuas,Finns,Oscars,Leos,C,,
Which of these colors does not appear on the flag of Germany?,Black,Blue,Gold,Red,B,,
"Which of these European terms does not translate into English as ""thank you""?",Danke,Merci,Per favore,Gracias,C,,
"Which of these films, featuring the music of the Beatles, is mainly an animation?",Magical Mystery Tour,Yellow Submarine,Help!,A Hard Day's Night,B,,
"Which of these grammatical terms refers to -ology and -itis, each added at the end of a word to create another word?",Infix,Prefix,Suffix,Appendix,C,,
Which of these grows down from the roof of a cave?,Stalactite,Stalagmite,Malachite,Malatite,A,,
"Which of these has windows, one opened on each day of the season after which it is named?",Chinese calendar,Roman calendar,Gregorian calendar,Advent calendar,D,,
"Which of these is a brief outline of the plot of a play, film or book?",Syllabus,Glossary,Anthology,Synopsis,D,,
Which of these is a croupier most likely to deal with in their job?,Cartwheel,Wheelbarrow,Roulette wheel,Steering wheel,C,,
Which of these is a device used with a computer to digitize artwork or photographs?,Scanner,Scoper,Zoomer,Pixellator,A,,
"Which of these is a film about a boy who can ""see dead people""?",The Sixth Sense,The Exorcist,The Omen,Poltergeist,A,,
Which of these is a Hindu spiritual teacher?,Gung-ho,Gundi,Gurkha,Guru,D,,
Which of these is a hoisting or lifting device?,Block & tackle,Block & scrum,Block & foul,Block & kick,A,,
Which of these is a name for a person who tells interesting and amusing stories?,Raconteur,Connoisseur,Masseur,Entrepreneur,A,,
Which of these is a name for the U.K. national flag?,Union Jack,Jolly Unity,Unified James,Universal John,A,,
Which of these is a pink dressing used on seafoods and salads?,Million Peak,Thousand Island,Hundred Reef,Dozen Bay,B,,
Which of these is a regulation requiring people to remain indoors at specific times?,Curfew,Embargo,Boycott,Veto,A,,
Which of these is a small stocky breed of horse?,Half horse,Quarter horse,Eighth horse,Sixteenth horse,B,,
Which of these is a spot on a potato where a root has yet to form?,Ear,Eye,Nose,Mouth,B,,
Which of these is a strong solution of salt and water?,Brinny,Brindle,Brinjal,Brine,D,,
Which of these is a traditional American baked good?,Hop-it wasp crumble,Get-off bee tart,Shoo-fly pie,Begone-bug cake,C,,
Which of these is a type of insect?,Aprilbeetle,Mayfly,Junewasp,Julybee,B,,
Which of these is an Australian Oscar-winning film star?,Kate Winslet,Kate Upton,Cate Blanchett,Katie Holmes,C,,
Which of these is an item of clothing?,Basque,Celt,Lapp,Slav,A,,
Which of these is another name for a robot?,Automat,Automaton,Autobahn,Autobiography,B,,
Which of these is both a fashion magazine and a Madonna single?,Harper's Bazaar,Vogue,Cosmopolitan,Elle,B,,
Which of these is correctly spelled?,Parralell,Paralell,Parralel,Parallel,D,,
Which of these is not a brand of sunglasses?,Ray-Ban,Oakley,Maui Jim,Ghirardelli,D,,
Which of these is not a corner space in the board game Monopoly?,Go,Free Parking,Go To Jail,Income Tax,D,,
Which of these is not a temperature scale?,Kelvin,Celsius,Beaufort,Fahrenheit,C,,
Which of these is ragtime music played on a tinny sounding piano?,Inky-dink,Honky-tonk,Plinky-plonk,Dinky-donk,B,,
Which of these is the correct spelling for a folk custom or ceremonial religious act?,Write,Wright,Rite,Right,C,,
Which of these is the hair obtained from angora goats?,Rohair,Bohair,Mohair,Sohair,C,,
Which of these is the name given to a person without professional or special knowledge in a particular subject?,Layman,Dayman,Wayman,Payman,A,,
Which of these is the name of a James Bond adversary whose bowler hat has a razor-sharp brim?,Oddjob,Oddfellow,Oddball,Oddman,A,,
Which of these is the name of a very wide angle camera lens?,Cat's eye,Birdseye,Dogeye,Fisheye,D,,
Which of these is the name of part of the human head?,Mosque,Synagogue,Church,Temple,D,,
Which of these languages is not an official language in Switzerland?,French,Italian,German,English,D,,
Which of these materials is most likely to be described as 'patent'?,Silk,Rubber,Wool,Leather,D,,
Which of these people would find perfect pitch most useful in their work?,Vet,Psychiatrist,Singer,Builder,C,,
Which of these phrases refers to a very large amount of money?,King's counsel,King's English,King's shilling,King's ransom,D,,
"Which of these refers to a type of improvised jazz singing, in which the voice imitates instruments?",Scamel,Scat,Scollie,Scrab,B,,
Which of these sports uses a ball?,Ice hockey,Squash,Badminton,Curling,B,,
Which of these Toms is not the name of a Hollywood actor?,Tom Hanks,Tom Wolfe,Tom Selleck,Tom Berenger,B,,
Which of these was a hit single in 2012 for Rihanna?,Pearls,Emeralds,Sapphires,Diamonds,D,,
Which of these words can mean fate or destiny?,Kitsch,Kibbutz,Kismet,Kimono,C,,
Which of these words comes first in a dictionary?,Door,Doom,Dozen,Doodle,D,,
Which of these words is used to describe the transmission of audio files from the internet?,Peacast,Pipcast,Podcast,Pearcast,C,,
Which of these words mean a street entertainer?,Bluster,Bolster,Boulder,Busker,D,,
Which of these words means a group of geese?,Gaggle,Goggle,Waggle,Woggle,A,,
Which of these words means assisting someone in a crime?,Arisking,Abetting,Agambling,Awagering,B,,
Which of these words often describes someone's rapid rise to fame?,Galactic,Lunar,Meteoric,Solar,C,,
Which of these words refers to throwing something overboard from a ship or airplane?,Garrison,Frisson,Jettison,Chanson,C,,
Which of these would be involved in a drag race?,Dog,Horse,Pigeon,Car,D,,
Which part of the body is most affected by a migraine?,Heart,Head,Kidney,Teeth,B,,
Which part of the body would be affected by a stye?,Wrist,Eye,Knee,Tooth,B,,
Which piece of equipment is essential for competitors in a Triathlon?,Horse,Bicycle,Canoe,Surfboard,B,,
Which poisonous gas has the formula CO?,Cobalt tetroxide,Chlorine oxide,Carbon monoxide,Calcium trioxide,C,,
Which sauce traditionally tops eggs Benedict?,Tartare,BÃ©arnaise,Hollandaise,Vinaigrette,C,,
Which self-congratulatory nursery-rhyme character pulled out a plum from a Christmas pie?,Jack Spratt,Little Jack Horner,Little Boy Blue,Little Miss Muffet,B,,
"Which singer is associated with ""Over the Rainbow,"" the song that made her famous?",Shirley Temple,Marlene Dietrich,Doris Day,Judy Garland,D,,
Which sitcom featured a coffee shop manager called Gunther?,Friends,Will and Grace,Frasier,Suddenly Susan,A,,
Which skater was allowed to compete in the 1994 Winter Olympics despite being implicated in an attack on one of her rivals?,Nancy Kerrigan,Tonya Harding,Katarina Witt,Tara Lipinski,B,,
Which sport is played by the Detroit Red Wings and the Buffalo Sabres?,Baseball,Basketball,Football,Hockey,D,,
Which symbol do pawnbrokers traditionally have hanging outside their shops?,Gold cross,Red light,Red and white pole,Three balls,D,,
Which title did Michael Jackson award himself in 1991?,Prince of Tunes,King of Pop,Earl of Funk,Vice Admiral of R 'n' B,B,,
Which war took place between 1939 and 1945?,Crimean War,Boer War,World War II,Vietnam War,C,,
"Which word do the British use for ""diaper""?",Scarf,Nappy,Tap,Jumper,B,,
"Which word goes after ""pound"" for the official name of the British unit of currency?",Sterling,Imperial,Royal,Mark,A,,
"Who did Brad Pitt marry on July 29th, 2000?",Angelina Jolie,Courteney Cox,Jennifer Aniston,Jennifer Garner,C,,
"Who directed the 1988 film ""Beetlejuice""?",Tim Curry,Tim Robbins,Tim Allen,Tim Burton,D,,
Who is actor Kate Hudson’s mother?,Goldie Hawn,Blythe Danner,Susan Sarandon,Diane Keaton,A,,
Who is normally referred to as a maitre d'?,Barman,Bellboy,Cellarman,Head waiter,D,,
Who is the female star of the 2001 film 'Moulin Rouge'?,Nicole Kidman,Cameron Diaz,Angelina Jolie,Gwyneth Paltrow,A,,
Who married Justin Timberlake in the fall of 2012?,Anne Hathaway,Amy Adams,Jennifer Garner,Jessica Biel,D,,
Who painted 'Guernica'?,Picasso,Dalí,Miró,Velázquez,A,,
"Who played the title role in the 2002 film ""Spider-Man""?",Brandon Routh,Andrew Garfield,Henry Cavill,Tobey Maguire,D,,
Who was New Zealand's first female PM?,Helen Clark,Jeanette Johns,Jenny Shipley,Kay Murray,C,,
"Who was popularly known as the ""Virgin Queen""?",Cleopatra,Madonna,Elizabeth I,Boudicca,C,,
Who was the dancing partner of Fred Astaire?,Baby Rogers,Sporty Rogers,Ginger Rogers,Posh Rogers,C,,
Who was the lead singer of the Supremes?,Diana Dors,Dyan Cannon,Diana Ross,Diane Keaton,C,,
"Who was told, ""Beware the Ides of March""?",Nero,Cleopatra,Julius Caesar,Pontius Pilate,C,,
Who were the sea-raiders of the 8th to 11th centuries that invaded and conquered many parts of Europe?,Maoris,Aborigines,Vikings,Mongols,C,,
"Whose life is charted in the film ""Great Balls of Fire""?",Johnny Cash,Jerry Lee Lewis,Bill Haley,Buddy Holly,B,,
With what type of music is the 'Black Dyke Mills' associated?,Opera,Northern soul,Brass band,Country and western,C,,
With which fashion designer is the brand Polo associated?,Marc Jacobs,Calvin Klein,Tommy Hilfiger,Ralph Lauren,D,,
With which field of entertainment is David Blaine most associated?,Magic,Ventriloquism,Rap music,Ballet,A,,
With which invention is the Italian engineer Marconi associated?,Nylon,Telephone,Jet engine,Radio,D,,
"With which singer do you associate 'Over the Rainbow', the song that made her famous?",Shirley Temple,Marlene Dietrich,Doris Day,Judy Garland,D,,
With which sport is Eddie Jordan most associated?,Motor racing,Boxing,Cricket,American football,A,,
With which sport is the Australian Shane Warne associated?,Tennis,Cricket,Australian rules football,Rugby union,B,,
Yom Kippur is an annual holiday in which religion?,Judaism,Catholicism,Buddhism,Hinduism,A,,
Which country does Greenland belong to?,Canada,Denmark,Iceland,Norway,B,,
What is the largest port in the world?,Le Havre,Amsterdam,Shanghai,Singapore,C,,
What is the smallest state in the world?,Luxembourg,The Vatican,Andorra,San Marino,B,,
What is the most populous metropolitan area in the world?,Beijing,Bombay,Tokyo,Moscow,C,,
Which river is the longest in Europe?,The Danube,The Rhine,The Belaîa,The Volga,D,,
Where are the temples of Angkor located?,Cambodia,Laos,Thailand,Vietnam,A,,
In which country did the Carnation Revolution take place?,Cuba,Mexico,Portugal,Spain,C,,
Which country is the largest producer of cocoa?,Ivory Coast,Ghana,Ecuador,Nigeria,A,,
From which country does Aleppo soap originate?,From Lebanon,From Syria,From Jordan,From Turkey,B,,
Which volcano buried the city of Pompeii?,Mount Etna,Mount Vesuvius,The Pacaya,Teide,B,,
In which ocean is the deepest oceanic trench located?,Arctic,Indian,Pacific,Atlantic,C,,
Which country cultivates the most olives in the world?,Tunisia,Italy,Spain,Greece,C,,
"Where is the Pink Lake, also known as Lake Retba, located?",Algeria,Morocco,Mauritania,Senegal,D,,
In which state is the Sistine Chapel located?,Turkey,Vatican,Spain,Albania,B,,
Where is Tasmania located?,Australia,Russia,Poland,United States,A,,
What is the official language of Angola?,English,Portuguese,The Spanish language.,French,B,,
What is the currency in Liechtenstein?,The Liechtenstein,The Euro,The Swiss Franc,The Liechtenstein Franc,C,,
How many stars are there on the flag of the United States?,48,49,50,51,C,,
Near which continent is São Tomé and Príncipe located?,Latin America,Africa,Oceania,Europe,B,,
Which tree is represented on the flag of Equatorial Guinea?,The Baobab tree,The Acacia tree,The Kapok tree,The Cashew Tree,C,,
What is the capital of Gambia?,Bamako,Banjul,Lomé,Dakar,B,,
Which gulf does not exist?,The Gulf of Thailand,The Gulf of Mexico,The Gulf of Eritrea,The Gulf of Finland,C,,
"What is the name of the open-world game released on Xbox 360, made by the creator of ""Grand Theft Auto""?",True Crime 2,Forza Horizon,Crackdown,Sleeping Dogs,C,,
"In which city does the action of the game ""Saints Row"" take place?",Millvalley,Bright Falls,Wintersprings,Stilwater,D,,
"Which game in the ""Halo"" series takes place chronologically just before the events of the first game ""Halo""?",Halo 3 : ODST,Halo Wars,Halo Wars 2,Halo : Reach,D,,
"Which city appears in every game in the ""Fable"" game?",Oakvale,Lychfield,Bloodstone,Bowerstone,D,,
"Which game from the ""Banjo-Kazooie"" series was released on Xbox 360?",Banjo-Kazooie : Nuts & Bolts,Banjo-Tooie,Banjo-Threeie,Yooka-Laylee,A,,
"Who was the leader of Delta-One squad before Marcus Fenix in the game ""Gears of War""?",Minh Young Kim,Dominic Santiago,Augustus Cole,Damon Braid,A,,
"What is the name of the protagonist of the game ""Quantum Break""?",Isaac Clarke,Jack Joyce,Nick Cutter,Michael Jon Carter,B,,
Which action game played with Kinect was available at the launch of the Xbox One console?,Crysis,Doom Eternal,Ryse : Son of Rome,Killing Floor,C,,
"What is the name of the starting village in the game ""Fable""?",Oakvale,Bowerstone,FairFax,Blancherive,A,,
"Which game from the ""Doom"" series was released on Xbox?",Doom,Doom 2,Doom 3,Doom Eternal,C,,
"Which game in the ""The Elder Scrolls"" series was released on Xbox in 2002?",Daggerfall,Morrowind,Oblivion,Skyrim,B,,
"Which car model is featured on every cover of each ""Project Gotham Racing"" game?",Mercedes,Lamborghini,Ferrari,Dodge Viper,C,,
"Which organization does the protagonist of the game ""Quantum Break"" have to face?",Cyberlife,Monarch Solutions,Tachyon Corps,Kairos Consolidated,B,,
Joe Nameth made his famous guarantee promising the Jets would beat what heavily favored team in Super Bowl 3?,New York Giants,New England Patriots,Baltimore Colts,Buffalo Bills,C,,
What football team won the first Super Bowl?,Green Bay Packers,Chicago Bears,Kansas City Chiefs,Pittsburgh Steelers,A,,
"What NBA great was known as the ""Black Mamba""?",Michael Jordan,Allen Iverson,Kobe Bryant,Shaquille O'Neal,C,,
What team has won the most Stanley Cups in a row with five?,New York Islanders,Edmonton Oilers,Montreal Canadiens,Detroit Red Wings,C,,
What city did the Atlanta Braves play in before moving to Atlanta?,Milwaukee,Los Angeles,New York,Miami,A,,
Who has thrown the most no-hitters in MLB history?,Sandy Koufax,Justin Verlander,Cy Young,Nolan Ryan,D,,
"What NFL franchise is the only team to have had a perfect season, winning every regular season and playoff game?",New England Patriots,Chicago Bears,New York Giants,Miami Dolphins,D,,
"What NFL team's fans are known as the ""Cheeseheads""?",Detroit Lions,Minnesota Vikings,Chicago Bears,Green Bay Packers,D,,
What baseball team has every single-digit number besides zero retired?,Los Angeles Dodgers,New York Yankees,New York Mets,Texas Rangers,B,,
Who won the first ever World Series in 1903?,New York Yankees,Boston Red Sox,Chicago Cubs,Pittsburgh Pirates,B,,
What baseball team had the longest drought ever between World Series Championships?,Boston Red Sox,Cleveland Indians,Chicago White Sox,Chicago Cubs,D,,
"Before moving to Arizona, the Coyotes were what professional hockey franchise that has since returned to the NHL?",Calgary Flames,Winnipeg Jets,Hartford Whalers,Quebec Nordiques,B,,
"Before moving to Indianapolis, what city did the NFL's Colts play in?",Nashville,Chicago,Boston,Baltimore,D,,
Who was the first president to take residency in the White House?,Andrew Jackson,Thomas Jefferson,John Adams,Benjamin Franklin,C,,
Which US president was a former governor of Texas?,Bill Clinton,James Madison,George W. Bush,Ulysses S. Grant,C,,
Which US president was responsible for the abolition of slavery in 1865?,Thomas Jefferson,Franklin D. Roosevelt,Andrew Johnson,Abraham Lincoln,D,,
Who was the first African American to run for president of the United States?,Frederick Douglass,Martin Luther King Jr.,Barack Obama,Jesse Jackson,A,,
Who was the president famous for crossing the Delaware River during the American Revolution?,James K. Polk,John Adams,George Washington,Thomas Jefferson,C,,
In which war did George H.W. Bush serve as a torpedo bomber pilot?,Gulf War,Cold War,World War II,Vietnam War,C,,
Richard Nixon was the first US president to...,...speak French,...visit all 50 states,...live in the White House,...hunt,B,,
Who became US president after the assassination of John F. Kennedy?,Woodrow Wilson,Gerald Ford,Lyndon B. Johnson,George Washington,C,,
What's the name of the US president's formal office in the White House?,The Round Office,The Square Office,The Triangle Office,The Oval Office,D,,
Which of these rooms does not exist in the White House?,The Orange Room,The Red Room,The Blue Room,The Green Room,A,,
Who was the final boss in the Mega Drive “The Smurfs” video game that was released in 1994?,A carnivorous plant,A fire-breathing dragon,A giant snake,Gargamel,D,,
In what year was Smurf creator Peyo born?,In 1923,In 1928,In 1933,In 1938,B,,
What is the Smurf amusement park in Shanghai called?,Dream City,The Little Town,Smurfs’ Land,The Smurf Experience,A,,
"In 2020, who paid tribute to the Smurfs and to Peyo’s work through a collection of coins?",The French Coin Society,The Belgian Royal Mint,The Parisian Mint,The Currency Counter,C,,
In what movie does the eponymous character develop theories with his friends about the Smurfs?,Forrest Gump,Donnie Darko,Harry P. and the Chamber of Secrets,X-Men Origins: Wolverine,B,,
What Smurf comic book was published in a deluxe edition by Le Lombard?,King Smurf,Astro Smurf,The Flight of the Storks,Finance Smurf,D,,
What is the purpose of Papa Smurf’s “ABRACADADACARBAPAPA” spell?,To change physical appearance,To teleport if suddenly threatened,To make a beard grow all of a sudden,Fill up the Smurf storeroom with food,A,,
In which French movie can Smurf upholstery be seen in the protagonist’s room?,Amélie,La Femme Nikita,Tatie Danielle,Blue Is the Warmest Color,C,,
Who had the idea for the Smurf’s blue skin?,"Véronique, Peyo’s daughter","Nine, Peyo’s wife",The Dupuis publisher,André Franquin,B,,
"In the Hanna-Barbera TV series, who becomes Handy Smurf’s love interest?",Smurfette,Marina the Mermaid,"Melusine, the fairy of the woods",Hogatha the Witch,B,,
"What is the world record for people dressed up as Smurfs, certified by the Guinness Book of World Records?","2,510 people in Wales","2,860 people in Milan, Italy","3,500 people in Landerneau, France","4,320 people in Brussels, Belgium",C,,
Who devoted several pages to the Smurf language in his book “Kant and the Platypus”?,Jan Potocki,Elisabetta Rasy,Italo Svevo,Umberto Eco,D,,
"What is the name of the city where the action of the game ""Bloodborne"" takes place?",New Londo,Anor Londo,Yharnam,Majula,C,,
"On what console was the game ""PaRappa the Rapper"" released?",PlayStation®,PlayStation®2,PlayStation®3,PlayStation®4,A,,
"Which of the following game series is not represented in the game ""PlayStation® All-Stars Battle Royale""?",God of War,inFamous,Jak & Daxter,Ghost of Tsushima,D,,
What was the first PlayStation® console to have a built-in hard drive?,PlayStation®,PlayStation®2,PlayStation®3,PlayStation®4,C,,
"Which actor lent their features to the protagonist of the game ""Death Stranding""?",Brad Pitt,Norman Reedus,Kit Harrington,Jason Statham,B,,
What was the name of the successful range of games reissued on PlayStation® consoles up to the PlayStation®3 console?,Classics,Platinum,Hot Sales,Sony Success,B,,
"Which character do you play as in the game ""The Last of Us: Left Behind""?",Joel,Tess,Ellie,Nathan,C,,
"What is the name of the terrorist cell that Solid Snake confronts in ""Metal Gear Solid""?",Dead Cell,The Cobras,Foxhound,The Mad Sons,C,,
What species does Ratchet belong to?,Lombax,Fenneck,Korugarien,Zabrak,A,,
"In which game in the ""God of War"" series does the Blade of Olympus make its appearance?",God of War,God of War 2,God of War : Chains of Olympus,God of War 3,B,,
"How many colossi must be faced during the game ""Shadow of the Colossus""?",8,12,16,24,C,,
Which game developed by Fumito Ueda was released on the PlayStation®2 console in 2001?,Ico,Shadow of Memories,Orphen,Katamari Damacy,A,,
"What is the DLC of the game ""The Last of Us"" called?",First of Us,All of Us,Left Behind,First Departure,C,,
Which one of these series has not been developed by the studio Naughty Dog?,Ratchet & Clank,Uncharted,The Last of Us,Jak & Daxter,A,,
"In which city does the action of the game ""The Last of Us Part 2"" begin?",Jackson,Salt Lake City,Bâton Rouge,Pasadena,A,,
"What is the name of Ratchet's home planet in the ""Ratchet & Clank"" game series?",Veldin,Yavin,Loomy,Voltaria,A,,
What question keeps Captain Haddock awake at night?,The chicken or the egg,To be or not to be,The beard under or over the blanket,Tea or coffee,C,,
For which newspaper is Tintin a reporter?,Le Petit Vingtième,Gala,Le Figaro,Le Nouvel Obs,A,,
"On the cover of ""The Seven Crystal Balls,"" which character is levitating?",Tintin,Rascar Capac,Captain Haddock,Professor Calculus,D,,
In which theater did Castafiore's performance earn her fifteen encores?,The Palais Garnier Opera,The MET,La Scala opera house in Milan,The Sydney Opera,C,,
What is Castafiore's first name?,Carmen,Rosa,Violetta,Bianca,D,,
How many Tintin albums are there?,15,24,42,60,B,,
"Which iconic Tintin character first appears in ""Red Rackham's Treasure""?",Professor Calculus,Captain Haddock,Snowy,General Tapioca,A,,
"In ""The Calculus Affair,"" why do the Bordurians want to seize Professor Calculus' ultrasonic device?",To deafen their enemies,To organize an outdoor concert,For its destructive power,To chase all dogs from the territory,C,,
"What drawing technique, also called ""Tintin style,"" characterizes Hergé's line?",The clear line,The chiaroscuro,The white line,The frank line,A,,
Which Tintin adventure marks the appearance of Captain Haddock?,"""The Secret of the Unicorn""","""The Crab with the Golden Claws""","""The Black Island""","""Destination Moon""",B,,
What other famous duo is Hergé the creator of?,Spiff & Hercules,Billy & Buddy,Asterix & Obelix,Quick & Flupke,D,,
What was Hergé's real name?,Georges Remi,Hervé Gérard,Rodolphe Grüss,Hans Gruber,A,,
"In Syldavia, what stolen object jeopardizes the reign of Muskar XII?",The royal crown,The royal sceptre,The princely carriage,The Queen's Ferrets,B,,
"The original Four Horsemen featured Arn Anderson, Tully Blanchard, Ole Anderson, and who?",Triple-H,Jim Crockett,Ric Flair,Bret Hart,C,,
"In WWE, who is the Undertaker's fictitious half-brother?",Kane,Gangrel,Triple-H,Steve Austin,A,,
What WWE wrestler has the longest Intercontinental Championship reign at 454 days?,Apollo Crews,The Miz,Chris Jericho,The Honky Tonk Man,D,,
"When Triple-H and Stone Cold Steve Austin became a tag team in 2001, what were they often referred to as?",The Corporation,The Two-Man Power Trip,The Brothers of Destruction,The Headshrinkers,B,,
"Ted DiBiase never officially held the WWE Championship, but he briefly bought it off another legend for a time. Who sold it to Ted?",The Ultimate Warrior,Virgil,Diesel,Andre the Giant,D,,
What do the three H's in wrestler Triple-H's name stand for?,Hungry Hungry Hippos,Hunter Hearst Helmsley,Harry Henry Henderson,Harley Harvey Hayes,B,,
Which of these were NOT nicknames of Shawn Michaels?,Mr. Wrestlemania,The Heartbreak Kid,The Showstopper,The Texas Rattlesnake,D,,
What WWE wrestler was famously thrown off the top of a steel cage by the Undertaker at King of the Ring 1998?,Shane McMahon,Mankind,Kane,Triple-H,B,,
"Wrestling legend Jerry ""The King"" Lawler infamously feuded with what ""Taxi"" comedian in the early 80s?",Tony Danza,Andy Kaufman,Danny DeVito,Marilu Henner,B,,
"At Bash at the Beach in 1996, who was revealed to be the ""third man"" to join Kevin Hall and Scott Nash to form the first iteration of the nWo?",Arn Anderson,Ric Flair,Hulk Hogan,Bret Hart,C,,
Which two actresses have played in the most films by Hitchcock?,Ingrid Bergman and Tippi Hedren,Ingrid Bergman and Grace Kelly,Grace Kelly and Joan Fontaine,Vera Miles and Joan Fontaine,B,,
Which actress has never acted in Hitchcock's films?,Grace Kelly,Janet Leigh,Shirley MacLaine,Marylin Monroe,D,,
"What do the two protagonists of ""Strangers on a Train"" exchange?",Their memories,Their murder plans,Their weapons,Their partners,B,,
What was the name of Hitchcock's weekly TV series?,"""The Stories of Uncle Alfred""","""Small Chronicles of Horror""","""Suspense and thrills""","""Alfred Hitchcock Presents""",D,,
Which member of Hitchcock's family has appeared in some of his films?,His mother-in-law,His son,His daughter,His cat,C,,
"What is chasing Cary Grant in ""North by Northwest""?",A shark,An airplane,A fan,A helicopter,B,,
"Which actress plays in ""The Birds""?",Grace Kelly,Ingrid Bergman,Tippi Hedren,Eva Marie Saint,C,,
How many children did Hitchcock have?,"Two boys, one girl",A boy,A girl,He did not have any children,C,,
"What is the age difference between Cary Grant and Jessie Royce Landis, who plays his mother in ""North by Northwest""?",He is twenty years younger than her,He is seven years younger than her,They are the same age,She is one year younger,B,,
"During the promotion of which of her films did Grace Kelly meet her future husband, Prince Rainier?","""Rear Window""","""To Catch a Thief""","""Dial M for Murder""","""Vertigo""",B,,
"In which other horror film do we find the surname ""Loomis"" worn by one of the characters from ""Psycho""?","""Friday the 13th""","""Suspiria""","""Halloween""","""The Texas Chain Saw Massacre""",C,,
"What is the ""Golden Hitchcock""?",The British Academy Film Grand Award,This award does not exist,The award of the Utrecht Festival,The Award of the Dinard Film Festival,D,,
"What is the name of the club where Sally Bowles performs in Bob Fosse's ""Cabaret""?",The Bounty Club,The Nuts Club,The Lion Club,The Kit Kat Club,D,,
"What organization are the mice from Disney's ""The Rescuers""?",The Friendship Aid Society,The Rescue Aid Society,The Animal Aid Society,The Child Aid Society,B,,
"What dangerous practice do the soldiers in ""The Deer Hunter"" engage in?",Bungee jumping,Taming of wild animals,Blackout challenge,Russian Roulette,D,,
"In which city does Travis Bickle drive in, in Martin Scorsese's ""Taxi Driver""?",Chicago,New York,Los Angeles,Boston,B,,
"Who plays ""Papillon"" in William J. Schaffner's film?",Steve McQueen,Robert Redford,Paul Newman,Clint Eastwood,A,,
"What is the name of the head nurse in ""One Flew Over the Cuckoo's Nest"" ?",Ratched,Wilkes,Bates,Lecter,A,,
"With what object do the prisoners dig the wall of their prison in ""Escape from Alcatraz""?",A fork,A screwdriver,A knife,A spoon,D,,
"Who directed ""The Texas Chainsaw Massacre"" in 1977?",John Carpenter,Tobe Hooper,George A. Romero,Wes Craven,B,,
"Who directed ""The Exorcist"" in 1973?",William Friedkin,John Frankenheimer,John Carpenter,Irvin Kershner,A,,
"What is the name of the demonic child in ""The Omen""?",Louis,Robert,Damien,Keith,C,,
"In ""Kramer vs. Kramer"", who gets custody of the child after the couple separates?",The mother,The father,The grandmother,The neighbour,B,,
"Which group performed the music for ""Tommy""?",Pink Floyd,The Doors,The Beatles,The Who,D,,
What theory is Gene Hackman at the center of in Stanley Kramer's 1977 film?,The Theory of Relativity,The Conspiracy Theory,The Domino theory,The Chaos Theory,C,,
"Who portrays the infamous Staff Sergeant Barnes in ""Platoon""?",Charlie Sheen,Tom Berenger,Willem Dafoe,Forest Whitaker,B,,
"Who directed ""Creepshow"" ?",George A. Romero,Dan O’Bannon,Stuart Gordon,Joe Dante,A,,
"Which of these famous actors has a sinister ending in ""Friday the 13th Part 2""?",Kevin Bacon,Johnny Depp,George Clooney,Kevin Costner,A,,
In which fantasy movie does Cary Elwes play?,"""Legend""","""Labyrinth""","""Ladyhawke""","""The Princess Bride""",D,,
"What film is inspired by ""Throw Momma from the Train""?","""Murder on the Orient Express""","""Strangers on a Train""","""North by Northwest""","""The Train""",B,,
What is the name of the robot that Robocop confronts in Paul Verhoeven's film?,T-800,T-1000,ED-209,HAL-9000,C,,
"In ""Hidden"", what is actually the FBI agent Lloyd Gallagher?",A serial killer,An extraterrestrial,A mutant,A werewolf,B,,
"Who directed the police movie ""Blue Steel"" with Jamie Lee Curtis?",John Frankenheimer,Kathryn Bigelow,Irvin Kershner,Walter Hill,B,,
"In David Cronenberg's ""The Fly"", what does Seth Brundle challenge a bar patron to?",Darts,Arm wrestling,Foosball table,Pinball,B,,
In which movie did Johnny Depp make his debut?,"""A Nightmare on Elm Street""","""The Breakfast Club""","""Stand By Me""","""Dead Poets Society""",A,,
"Which actor is the lead in ""An Officer and a Gentleman""?",Tom Cruise,Kevin Bacon,Richard Geere,Leonardo DiCaprio,C,,
"In ""The Color of Money"", what game do Paul Newman and Tom Cruise play?",Bowling,Poker,Pool,Chess,C,,
"In ""The Blues Brothers"", who is seen doing backflips in a church?",Dan Aykroyd,John Bellucci,James Brown,Aretha Franklin,B,,
What famous macabre family lives in a haunted mansion?,The Adams Family,The Addams Family,The Adamms Family,The Addam Family,B,,
"What is the director of the film ""A Bronx Tale""?",Robert De Niro,Clint Eastwood,Al Pacino,Robin Williams,A,,
"Which actor is Jodie Foster's partner in the film ""Maverick""?",Tom Hanks,Nicolas Cage,Mel Gibson,Kevin Cosner,C,,
What is Ed's last name in Tim Burton's 1994 movie?,Wood,Hopper,Carter,Fisher,A,,
"Who does not appear in the 1995 film ""Heat"" directed by Michael Mann?",Robert De Niro,Al Pacino,Val Kilmer,Sean Connery,D,,
"In the movie Malcolm X, which actor plays the role of Malcolm?",Denzel Washington,Martin Lawrence,Dany Glover,Samuel L. Jackson,A,,
"In the movie ""Jerry Maguire"", what type of star is Jerry Maguire the agent of?",Singing Stars,TV shows Stars,Sports stars,Movie stars,C,,
"Which movie is ""Hot Shots"" a parody of?","""Iron Eagle""","""Top Gun""","""Pulp Fiction""","""Iron Man""",B,,
"Which actor plays a child with mental disorders in the movie ""What's Eating Gilbert Grape""?",Matt Damon,Brad Pitt,Johnny Depp,Leonardo DiCaprio,D,,
In which of these movies does Brad Pitt not star?,"""Telma & Louise""","""True Romance""","""Rounders""","""Fight Club""",C,,
Who plays Dr. Patch Adams in the 1998 Tom Shadyac film?,Robin Williams,Dustin Hoffman,Richard Gere,Jack Nicholson,A,,
"Who is the director of the movie ""Batman & Robin"" released in 1997?",Tim Burton,Joel Schumacher,Christopher Nolan,Richard Donner,B,,
"In the movie ""The Matrix"", with what utensil does the little boy play in the waiting room?",A fork,A knife,A spoon,A ladle,C,,
What distance does an Astronomical Unit correspond to?,The distance from Earth to the Moon,The distance from the Sun to Neptune,The distance from Earth to the Sun,The radius of the Sun,C,,
"What species does Laika belong to, the first living being sent into space?",A cat,A mouse,A dog,A monkey,C,,
Which of these celestial objects does not have an atmosphere?,Titan,Venus,March,The Moon,D,,
Which of these instruments is the least suitable for observing the craters on the Moon from Earth?,An astronomical telescope,A telescope,A microscope,A pair of binoculars,C,,
How many stars visible to the naked eye is the belt of the Orion constellation composed of?,2,3,4,5,B,,
Where did Frenchman Thomas Pesquet stay in 2017?,In the Mir station,On Mars,In the International Space Station,On the Enterprise spacecraft,C,,
What is not possible to see from the far side of the Moon?,Earth,The Sun,Stars,Venus,A,,
What do you call a planet that is not part of the solar system?,A satellite,An exoplanet,A comet,A UFO,B,,
What is the title of the science fiction novel by Pierre Boulle published in 1963?,The Planet of Men,Planet of the Apes,The planet of the primates,Planet Soror,B,,
In what year does part of the space Odyssey story told in a Science Fiction book published in 1968 by Ian Arthur C. Clark take place?,1901,1968,1969,2001,D,,
Which of these units of length is the largest?,The kilometer,The Astronomical Unit,The light-year,The parsec,D,,
Which of these constellations is not a sign of the zodiac?,Cancer,Orion,Scorpion,The Virgin,B,,
Who was the first president to take residency in the White House?,Andrew Jackson,Thomas Jefferson,John Adams,Benjamin Franklin,C,,
Which US president was a former governor of Texas?,Bill Clinton,James Madison,George W. Bush,Ulysses S. Grant,C,,
Which US president was responsible for the abolition of slavery in 1865?,Thomas Jefferson,Franklin D. Roosevelt,Andrew Johnson,Abraham Lincoln,D,,
Who was the first African American to run for president of the United States?,Frederick Douglass,Martin Luther King Jr.,Barack Obama,Jesse Jackson,A,,
Who was the president famous for crossing the Delaware River during the American Revolution?,James K. Polk,John Adams,George Washington,Thomas Jefferson,C,,
In which war did George H.W. Bush serve as a torpedo bomber pilot?,Gulf War,Cold War,World War II,Vietnam War,C,,
Richard Nixon was the first US president to...,...speak French,...visit all 50 states,...live in the White House,...hunt,B,,
Who became US president after the assassination of John F. Kennedy?,Woodrow Wilson,Gerald Ford,Lyndon B. Johnson,George Washington,C,,
What's the name of the US president's formal office in the White House?,The Round Office,The Square Office,The Triangle Office,The Oval Office,D,,
Which of these rooms does not exist in the White House?,The Orange Room,The Red Room,The Blue Room,The Green Room,A,,
"In the 2004 movie ‘Mean Girls’, which character is played by Rachel McAdams?",Regina Smith,Regina Johns,Regina Brown,Regina George,D,,
"In the film ‘The Incredibles’, what special power does Violet, Mr Incredible’s daughter, have?",She can elongate her body,She has superhuman strength,She can make herself invisible,She can run really fast,C,,
What happens to the protagonist of the film ’The Curious Case of Benjamin Button’?,He was born old and gets younger,He travels to the future,He has two pairs of eyes,He becomes invisible,A,,
Which movie by the Coen brothers features Javier Bardem as a serial killer with a very distinctive hairstyle?,Arizona Junior,No Country For Old Men,The Big Lebowski,Miller's Crossing,B,,
What is unusual about Christopher Nolan’s movie ‘Memento’?,Some scenes are in reverse order,Two actors play the lead,The film is completely silent,It was never released in cinemas,A,,
"Which actor plays the Grinch in Ron Howard’s film ‘The Grinch’, released in 2000?",Mike Myers,Robin Williams,Eddie Murphy,Jim Carrey,D,,
Which Ziggy Stardust singer appears in the 2006 film ‘The Prestige’?,David Bowie,Bono,Elton John,Paul Simon,A,,
"In the movie ‘Batman Begins’, which character is played by Cillian Murphy?",The Joker,Two-Face,The Scarecrow,Bane,C,,
Which animation technique was used for Tim Burton’s film ‘The Nightmare Before Christmas’?,3D animation,Stop motion,Rotoscoping,Traditional 2D animation,B,,
How does Carl get his house to rise up off the ground in the movie ‘Up’?,By attaching balloons to it,By attaching a rocket to it,By blowing on it really hard,By putting it on a tortoise,A,,
In which museum in New York is the film ‘Night at the Museum’ set?,The Met,The American Natural History Museum,MoMa,The Guggenheim,B,,
"In the Star Wars prequel trilogy, what colour is the light saber of the Jedi knight Mace Windu, played by Samuel L. Jackson?",Blue,Green,Red,Violet,D,,
"In Egyptian mythology, which organ is weighed in order to judge the soul of a deceased person?",The brain,The heart,The stomach,The pancreas,B,,
"In Norse mythology, which wolf swallowed Odin at the Battle of Ragnarök?",Fenrir,Hati,Garmr,Mánagarmr,A,,
"In Greek mythology, into which animal does Zeus transform himself in order to kidnap Europa?",A calf,A cow,A bull,A heifer,C,,
"During the Trojan War, who is the commander-in-chief of the Achaeans?",Achilles,Ulysses,Agamemnon,Ajax,C,,
"Who is Orpheus going to look for in Hell, in Greek mythology?",Persephone,Eurydice,Idothea,Andromeda,B,,
"In Norse mythology, what time concepts are the three Norns guardians of?","Past, present and future","Morning, afternoon and evening","Spring, summer and autumn","Hours, minutes and seconds",A,,
What Egyptian god is trapped in a coffin thrown into the Nile by his brother Seth?,Ra,Osiris,Anubis,Horus,B,,
Which nymph was punished by Hera and can now do nothing other than repeat what she is told?,Bravo,Charlie,Delta,Echo,D,,
To what kind of competition does Arachne challenge the goddess Minerva in Ovid’s Metamorphoses?,To a hunting contest,To a cooking contest,To a climbing contest,To a weaving contest,D,,
"In exchange for money, he takes the souls of the dead to the Underworld. Who is he?",Aeacus,Charon,Erebus,Priam,B,,
"While trying to avoid the monster Charybdis, Ulysses loses several men to another monster. Which one?",Kraken,Sciron,Keto,Scylla,D,,
What did the canopic vases contain during the burial rituals of the Egyptians?,The ashes of the deceased,The guts of the deceased,The jewellery of the deceased,The bones of the deceased,B,,
Who was the leader of the USSR during the Second World War?,Joseph Stalin,Karl Marx,Vladimir Lenin,Leon Trotsky,A,,
What was Germany’s military tactic of striking deep and fast?,Scorched-earth policy,Blitzkrieg (lightning war),Pincer maneuver,Guerrilla warfare,B,,
What event marked the United States’ entry into the Second World War?,Attack on Pearl Harbor,Normandy landings,Invasion of Poland,Death of Franklin D. Roosevelt,A,,
Which organization was created after the war to promote peace and prevent future global conflicts?,European Union,League of Nations,UN,NATO,C,,
Which French general led the French Resistance from exile in England?,Philippe Pétain,Charles de Gaulle,Georges Clemenceau,François Mitterrand,B,,
Which battle marked a decisive turning point on the eastern front during the Second World War?,Battle of Corsica,Battle of Stalingrad,Battle of El Alamein,Battle of Ibiza,B,,
How many people lost their lives in the Second World War?,"100,000","600,000",1 million,60 million,D,,
What were Japanese pilots who flew suicide missions called?,Samurai,Shogun,Kamikaze,Ninja,C,,
"Which country did Germany invade on September 1, 1939?",Austria,Poland,France,Czechoslovakia,B,,
"On which British radio station was the appeal of June 18, 1940, broadcast?",Radio France,Vatican Radio,BBC,Al Jazeera,C,,
"In which region of France did the Allies land on June 6, 1944?",Normandy,Côte d’Azur,Alsace,Corsica,A,,
In which country were the first atomic bombs dropped?,China,Japan,Korea,Russia,B,,
What sport does Eric Taylor coach at an American high school in the series “Friday Night Lights”?,American football,Quidditch,Pickleball,Lawn bowling,A,,
What is Walter White’s real job at the beginning of the series “Breaking Bad”?,Car salesman,Chemistry teacher,Pharmacist,Astrologer,B,,
"At the beginning of the series “Succession,” which member of the Roy family is considered the favourite to succeed Logan?",Roman Roy,Kendall Roy,Connor Roy,Cousin Greg,B,,
Which actor plays Marty in the series “Ozark”?,Jason Bateman,Jason Voorhees,Jason Sudeikis,Jason Statham,A,,
Which American national park shares its name with a series launched in 2018 and starring Kevin Costner?,Disney World,Joshua Tree,Jurassic Park,Yellowstone,D,,
Who is the president of the United States in the series “The West Wing”?,Donald Reagan,Bob Clinton,Josiah Bartlet,Leo McGarry,C,,
Which actor plays Hannibal in the series of the same name?,Mads Mikkelsen,Anthony Hopkins,Hugh Dancy,Brian Cox,A,,
The portal that enables characters in the series “Dark” to travel through time is located where?,In a phone booth,In a cave,In a jacuzzi,In a DeLorean,B,,
Which TV series is an adaptation of a popular Coen Brothers film for the small screen?,No Country for Old Men,Fargo,Stranger Things,Big Little Lies,B,,
"In “Gomorrah,” a series about the Neapolitan mafia, what is Ciro di Marzio’s nickname?",Sugar Cube,The Immortal,Baby,Chick,B,,
What do the series “Modern Family” and “The Office” have in common?,They are fake documentaries,Steve Carell is the star,Each has 250 episodes,They are black and white,A,,
"Which character from the series “The Shield” says of the hero, “Mackey’s not a cop... he’s Al Capone with a badge”?",Eliot Ness,Jack Bauer,David Aceveda,Kojak,C,,
"In 1984, Michael Jackson suffered a terrible accident on the set of a commercial for which brand?",Doritos,KFC,Pepsi,PRIME,C,,
"Rumour had it that during their relationship, Billy Bob Thornton and Angelina Jolie wore vials of each other’s bodily fluids around their necks. Which fluid?",Pepsi,Apple juice,Blood,Tears,C,,
Which member of the boyband One Direction died tragically in October 2024?,Liam Payne,Harry Styles,Mark Wahlberg,Max George,A,,
"Idris Elba is not only one of the most popular actors of his generation, he’s also...",...an F1 driver.,...a DJ.,...a tightrope walker.,...a member of the Beach Boys.,B,,
Which actor and podcast host did Kristen Bell marry in 2013?,Marc Maron,Elon Musk,Amy Schumer,Dax Shepard,D,,
What was the name of the movement to free Britney Spears from her father’s legal guardianship?,Free Britney,Release Britney,Toxic,Stop the Circus,A,,
Why did Walt Disney get fired from his first job as an animator?,Lack of initiative,Drew only mice,Bad breath,Lack of imagination,D,,
Tom Cruise adheres to the teachings of what church?,Catholic Church,Protestant Church,Church of Scientology,Orthodox Church,C,,
"In 1982, Ozzy Osbourne believed a fan had thrown a rubber toy on stage and accidentally bit and ripped off the head of a...",...bat.,...rat.,...frog.,...snake.,A,,
What did singer Shakira and soccer player Gérard Piqué announce in June 2022?,Las Vegas wedding,Separation,Duet song,Biopic,B,,
How old was Jennifer Lawrence when she dropped out of school to become a professional actress?,14,21,4,32,A,,
Which office did Arnold Schwarzenegger hold from 2003 to 2011?,Vice president of the United States,United Nations secretary-general,President of the world,Governor of California,D,,
On which island is the Statue of Liberty located?,Freedom Island,Liberty Island,Rhode Island,Monkey Island,B,,
What is the Taj Mahal primarily made of?,Marble,Glass,Wood,Brick,A,,
Which Gothic building and symbol of Paris was severely damaged by fire in 2019?,Sistine Chapel,Sacré-Coeur,Notre-Dame Cathedral,Sagrada Família,C,,
Which wall divided Germany’s capital for nearly three decades?,Paris Wall,China Wall,Vienna Wall,Berlin Wall,D,,
Which public square is located in the heart of Moscow?,Red Square,Green Square,Blue Square,Yellow Square,A,,
Which suspension bridge is emblematic of San Francisco?,Brooklyn Bridge,Golden Gate Bridge,Sydney Harbour Bridge,Tower Bridge,B,,
"Which building in Washington, D.C., houses the United States Congress?",Empire State Building,Supreme Court,Capitol,Lincoln Memorial,C,,
What’s the only wonder of the ancient world that still exists today?,Statue of Zeus,Temple of Artemis,Lighthouse of Alexandria,Cheops Pyramid at Giza,D,,
Where is the Sagrada Família?,Madrid,Barcelona,Valencia,Beijing,B,,
Paris’s Louvre Museum is home to what glass structure?,Pyramid,Tower,Lighthouse,Castle,A,,
In which New York borough is the Empire State Building located?,Bronx,Harlem,Manhattan,Chinatown,C,,
What’s the name of the scale model of Big Ben near London’s Victoria Station?,Little Henry,Little Charles,Little William,Little Ben,D,,
Telephone inventor Alexander Graham Bell’s mother and wife lived with what disability?,Deafness,Mutism,Blindness,Leg paralysis,A,,
Galileo’s work with lenses led to what invention?,Binoculars,Telescope,Microscope,Periscope,B,,
During which period did the inventor Leonardo da Vinci live?,Prehistory,Antiquity,Renaissance,Modern times,C,,
Which of Thomas Edison’s inventions paved the way for filmmaking?,Phonograph,Electric light bulb,Kinetoscope,Electric battery,C,,
What products could be made following Charles Goodyear’s invention of an industrial process known as vulcanization?,Tires,Automobile motors,Car windows,Brake cables,A,,
Brothers Auguste and Louis Lumière were from what country?,Spain,France,China,Russia,B,,
"What instrument, invented in Japan by John Milne, is used to measure earthquakes?",Geophone,Seismograph,Accelerometer,Oscillograph,B,,
What does the name IMAX mean?,Innovation MAXimum,Interface MAXimum,Integration MAXimum,Image MAXimum,D,,
What American politician invented the lightning rod?,George Washington,Andrew Jackson,Abraham Lincoln,Benjamin Franklin,D,,
What unit of measure is named after Nikola Tesla?,Magnetic density,Electrical voltage,Frequency,Resistance,A,,
"What object, invented by Henry Mill in 1714, was originally known as a “machine for transcribing letters”?",Printer,Feather pen,Typewriter,Photocopier,C,,
"What type of book, invented sometime between 1760 and 1860, creates an illusion of movement when its pages are turned rapidly?",Flip book,Split-page book,Carousel book,Pop-up book,A,,
"In Formula 1, what is ""dirty air""?",A problem with the engine,Air pollution on the circuit,Air turbulence,A penalty for aggressive driving,C,,
"Which discipline combines asphalt, gravel and spectacular jumps in motor racing?",Autocross,Rallycross,NASCAR,AutoGP,B,,
What nickname was given to the motor racing driver Alain Prost?,The Doctor,The Professor,The Schoolmaster,The Wise Man,B,,
What do the first two letters of the NASCAR acronym stand for?,New American,National American,Navigating Assistance,National Association,D,,
"In rally racing, what is the “logbook” for?",Noting down the times on the stopwatch,Giving instructions to the driver,Measuring the distance left,Monitoring the pit stops,B,,
Who became the official tyre supplier to Formula 1 in 2011?,Goodyear,Michelin,Bridgestone,Pirelli,D,,
"In Formula 1, how many points are awarded to the winner of a race?",15,20,25,30,C,,
Where was the Dakar Rally moved to in 2009?,Europe,Asia,Oceania,South America,D,,
How many drivers are there per team in Formula 1?,1,2,3,4,B,,
What is a training lap in Formula 1?,A qualifying lap,A test lap,A lap after the race to celebrate,A lap for parking the cars,B,,
Which Japanese car manufacturer has long had a presence at rally competitions with models like the Impreza?,Subaru,Nissan,Toyota,Mitsubishi,A,,
Which team traditionally wears blue in Formula 1?,Williams,Ferrari,McLaren,Mercedes,A,,
"In ancient Greece, what form of government ruled Athens at its height?",Monarchy,Oligarchy,Democracy,Tyranny,C,,
"What games, held every four years in ancient Greece, were considered the most important?",Olympic Games,Californian Games,Highland Games,Nemean Games,A,,
What was the primary role of gladiators in ancient Rome?,Pray,Entertain the public,Play music,Cook,B,,
What was the name of the biggest amphitheatre in ancient Rome?,Stadium,Circus Maximus,Pantheon,Colosseum,D,,
"In ancient times, what was the name of the Roman Empire’s largest library?",Library of Rome,Library of Pergamon,Library of Alexandria,Vatican Library,C,,
What modern country was known as the Roman province of Britannia in ancient times?,France,England,Spain,Italy,B,,
"Which Roman emperor built a long, high wall in Great Britain?",Hadrien,Trajan,Julius Caesar,Vercingetorix,A,,
What ancient battle from the Greco-Persian Wars inspired the creation of an Olympic sport?,Thermopylae,Salamis Island,Mycale,Marathon,D,,
"In ancient times, what role did the flautist play on a Greek warship?",Scare away birds,Ensure safety,Set the pace for rowers,Warn other ships,C,,
What was the primary difference between patricians and plebeians in ancient Rome?,Religion,Profession,Social background,Birthplace,C,,
What body of water did ancient Greeks call “the Sea”?,Black Sea,English Channel,Mediterranean Sea,North Sea,C,,
What status did women hold in ancient Roman society?,Subordinate to men,Equal to men,Superior to men,There were no women,A,,
Who had the right to sentence people to the death penalty in ancient Egypt?,Pharaoh only,Pharaoh and his vizier,Vizier and governors,The death penalty was prohibited,A,,
Which document ratifying peace between Egypt and the Hittites is considered the first peace treaty in history?,Tablets of Ramses II,Oslo Accords,North Atlantic Treaty,Treaty of Kadesh,D,,
What powdered mineral did ancient Egyptians use for black eye makeup?,Henna,Malachite,Kohl,Ochre,C,,
About how many children did the extremely fertile Ramses II have?,0,1,15,100,D,,
Why did priests-ouâb remove all hair from their bodies?,Be fashionable,Avoid sweating,Enhance their skin,Preserve ritualistic purity,D,,
"In ancient Egypt, what was the purpose of mummification?",Offer a sacrifice to the gods,Prepare a body for the afterlife,Punish sinners,Transport a body more easily,B,,
Which ancient Egyptian book contained magic spells to guide the dead into the afterlife?,Deceased’s Guidebook,Afterlife for Dummies,Book of the Dead,Book of the Tomb,C,,
"Before its unification, what were the two parts of Egypt called?",Upper and Lower Egypt,North and South Egypt,East and West Egypt,Egypt 1 and Egypt 2,A,,
What are the smaller pyramids surrounding the larger pyramids called?,Satellite pyramids,Galactic pyramids,Telescopic pyramids,Astronaut pyramids,A,,
Which ancient Egyptian king loosely inspired a film starring Dwayne “The Rock” Johnson?,Toad III,Scorpion I,Grasshopper IV,Akhenaten,B,,
Which monument houses the body of the famous Pharaoh Ramses II?,Tomb YT9,Robot tomb C3PO,Tomb KV7,Water tomb H2O,C,,
In which region did ancient Egyptians live?,Nile Alpha,Nile Beta,Nile Delta,Nile Omega,C,,
"Which 2003 Eurodance track by DJ BoBo, is named after a little dog?",“Chihuahua”,“Doberman”,“Pitbull”,“Great Dane”,A,,
Moby established his reputation in the early 2000s with the songs “Porcelain” and “Natural Blues.” Where did his stage name come from?,The Mafia-related word “mob”,The novel “Moby Dick”,Flash mob fashion,The word “mobile”,B,,
Which pop icon plays cat-and-mouse with Britney Spears in the video for “Me Against the Music”?,Cher,Madonna,Céline Dion,Shania Twain,B,,
"Which band, comprised of Danger Mouse and CeeLo Green, scored a hit in 2006 with the track “Crazy”?",Black Pumas,The Roots,Gorillaz,Gnarls Barkley,D,,
Which 2008 Katy Perry hit dealt head-on with the theme of bisexuality?,“I Kissed a Girl”,“Thinking of You”,“Androgyny”,“Lover I Don’t Have to Love”,A,,
"Known as the “King of Pop,” which artist died on June 25, 2009, at the age of 50, before taking the stage for his final show entitled “This Is It”?",George Michael,Lionel Richie,Michael Jackson,Prince,C,,
"Christina Aguilera, Lil’ Kim, Mya and P!nk covered which 1974 Patti LaBelle song in 2001 for the film “Moulin Rouge”?",“Lady Marmalade”,“Morning Much Better”,“Moon Shadow”,“Touch Me All Over”,A,,
Which British rock band was founded in 2007 by Florence Welch?,CHVRCHES,Florence and the Machine,Bat for Lashes,Yeah Yeah Yeahs,B,,
Which former Nirvana drummer and Foo Fighters founder played drums on the Queens of the Stone Age album “Songs for the Deaf”?,Mark Lanegan,Nick Oliveri,Dave Grohl,Josh Homme,C,,
Which Nashville band is best known for the songs “On Call” and “Use Somebody”?,Band of Horses,The Lumineers,The Raconteurs,Kings of Leon,D,,
"Which American rock band, led by Julian Casablancas, contributed to the garage rock renaissance with their 2001 album “Is This It”?",The Strokes,Vampire Weekend,Interpol,The Libertines,A,,
Which Russian duo caused controversy in 2002 with the video for their song “All the Things She Said”?,Masha i Medved,Serebro,KAZKA,t.A.T.u.,D,,
"In which 1995 song, by the band Pulp, does the singer wonder if he’ll see his childhood sweetheart again in five years?",“Disco 1000”,“Disco 2000”,“Disco 3000”,“Disco 4000”,B,,
Which artist performed the Christmas hit “All I Want for Christmas Is You” in 1994 on her album “Merry Christmas”?,Shania Twain,Mariah Carey,Céline Dion,Yoko Ono,B,,
By what name is Metallica’s album “Metallica” also known?,The White Album,The Blue Album,The Black Album,The Green Album,C,,
What’s “in the heart” according to Deee-Lite’s 1990 hit?,Groove,Rhythm,Funk,Dance,A,,
"Which Guns N’ Roses power ballad, featured on the “Use Your Illusion I” album, lasts more than eight minutes?",”September Rain”,”October Rain”,”November Rain”,”December Rain”,C,,
"Which dynamic Blur single, the second from their self-titled album and lasting 2 minutes and 2 seconds, is one of the band’s best-known?",Song 1,Song 2,Song 3,Song 4,B,,
"In 1997, which French electronic duo entered the big leagues with their debut album “Homework”?",Daft Punk,The Chemical Brothers,The Prodigy,Massive Attack,A,,
Which 1973 Bob Dylan song did Guns N’ Roses cover in 1991?,“Knockin’ on Heaven’s Door”,“Like a Rolling Stone”,“Blowin’ in the Wind”,“Hurricane”,A,,
Which song by the American boyband Backstreet Boys begins its chorus with “Tell me why...”?,“Bye Bye Bye”,“Everybody (Backstreet’s Back)”,“I Want It That Way”,“Words”,C,,
Which rapper performed the song “U Can’t Touch This” in 1990?,Marky Mark,Snow,Vanilla Ice,MC Hammer,D,,
"Which rock movement did Nirvana, Stone Temple Pilots, and Pearl Jam establish in the ’90s?",Grunge,Punk,Hair metal,Glam rock,A,,
Which British singer-songwriter contributed to the soundtrack of Disney’s animated film “The Lion King”?,Elton John,Paul McCartney,Phil Collins,Shakira,A,,
"Which band, co-founded by Gwen Stefani, scored a hit in 1996 with the song “Don’t Speak”?",Less Than Jake,No Doubt,Sublime,Save Ferris,B,,
"Released in 1982, the best-selling album of all time is entitled...",...”Killer”,...”Thriller”,...”Driller”,...”Spiller”,B,,
Which 1980 Motörhead song describes a deadly poker hand?,“Ace of Spades”,“Ace of Hearts”,“Ace of Diamonds”,“Ace of Clubs”,A,,
Nena is best known for which pacifist song?,“66 Luftballons”,“77 Luftballons”,“88 Luftballons”,“99 Luftballons”,D,,
Which Simple Minds song begins with “Hey hey hey” and ends with “La la la la”?,“Promised You a Miracle”,“Don’t You (Forget About Me)”,“Glittering Prize”,“Someone Somewhere in Summertime”,B,,
Which new wave band performed “Take My Breath Away” in 1986?,Boston,Madrid,Berlin,Chicago,C,,
Kim Carnes referred to which actress’s eyes in her 1981 song?,Bette Davis,Katharine Hepburn,Meryl Streep,Joan Fontaine,A,,
"Which artist performed the song “Never Gonna Give You Up,” released in 1987?",Rick Astley,Rick Grimes,Rick Sanchez,Rick Roll,A,,
"Known as the Queen of Soul, who gave a concert at Royal Albert Hall in 1980 in front of Queen Elizabeth II?",Tina Turner,Donna Summer,Madonna,Aretha Franklin,D,,
Artist Bruce Springsteen is also known by what nickname?,The King,The Boss,The Daddy,The Chief,B,,
"Which British rock band released the album “Closer” in 1980 shortly after the suicide of its lead singer, Ian Curtis?",Yazoo,U2,The Cure,Joy Division,D,,
"Which female American hip-hop group originally included Cheryl James, Sandra Denton, and Deidra Roper?",Salt-N-Pepa,Ketchup-N-Mustard,Fish-N-Chips,Mac-N-Cheese,A,,
Which high-pitched Scottish singer made his name with Bronski Beat and The Communards in the 1980s?,Robert Plant,Jimmy Somerville,David Bowie,Mick Jagger,B,,
"In Japan, what do 100 sen make?",A Sumo Tournament,A Yen,A Crowd,Sushi,B,,
What family of mammals does a lion belong to?,Hominid,Canine,Bovidae,Feline,D,Japanese WWTBAM PS game,Arty the Biocosmic Boy
Which letter is usually drawn in a circle on the ground of a flat area used as a helipad?,G,S,H,O,C,WWTBAM Turkey 14 April 2024,Arty the Biocosmic Boy
A barista is a specialist in preparing:,Cocktails,Coffee,Desserts,Soups,B,"Milionerzy - November 6, 2025",Arty the Biocosmic Boy
Which of these countries is in Southeast Asia?,Cuba,Egypt,Portugal,Singapore,D,"Quiz $ Millionaire Japan - December 30, 2004",Arty the Biocosmic Boy
How is a bat classified?,Mammal,Reptile,Insect,Bird,A,WWTBAM Angola - Easy questions flunk out moments,Arty the Biocosmic Boy
What is the Latin letter for the number 1000?,L,C,D,M,D,"WWTBAM Russia - June 24, 2023",Arty the Biocosmic Boy
In what country did Pokemon originate?,France,Hungary,Japan,Canada,C,WWTBAM? 2nd Edition (Gameboy Color),Arty the Biocosmic Boy
Which of these is not a Hindu deity?,Shiva,Vishnu,Sanskrit,Brahma,C,WWTBAM? 2nd Edition (Gameboy Color),Arty the Biocosmic Boy
Which of these is not a 'lock' function on a standard desktop computer keyboard?,Print Lock,Number Lock,Scroll Lock,Caps Lock,A,WWTBAM? 2nd Edition (Gameboy Color),Arty the Biocosmic Boy